category_id,playlist_id
toplists,37i9dQZF1DXcBWIGoYBM5M
toplists,37i9dQZF1DX0XUsuxWHRQd
toplists,37i9dQZF1DX4dyzvuaRJ0n
toplists,37i9dQZF1DXcF6B6QPhFDv
toplists,37i9dQZF1DX4SBhb3fqCJd
toplists,37i9dQZF1DX10zKzsJ2jva
toplists,37i9dQZF1DX1lVhptIYRda
toplists,37i9dQZF1DWZMWLrh2UzwC
toplists,37i9dQZF1DWWjGdmeTyeJ6
0JQ5DAqbMKFHCxg5H5PtqW,37i9dQZF1DX0XUfTFmNBRM
0JQ5DAqbMKFHCxg5H5PtqW,37i9dQZF1DWZNJXX2UeBij
0JQ5DAqbMKFHCxg5H5PtqW,37i9dQZF1DXdpQPPZq3F7n
0JQ5DAqbMKFHCxg5H5PtqW,37i9dQZF1DX14CbVHtvHRB
0JQ5DAqbMKFHCxg5H5PtqW,37i9dQZF1DWXtlo6ENS92N
0JQ5DAqbMKFHCxg5H5PtqW,37i9dQZF1DXa6iPZDThhLh
0JQ5DAqbMKFHCxg5H5PtqW,37i9dQZF1DX8xfQRRX1PDm
0JQ5DAqbMKFHCxg5H5PtqW,37i9dQZF1DXd8cOUiye1o2
0JQ5DAqbMKFHCxg5H5PtqW,37i9dQZF1DXa2huSXaKVkW
0JQ5DAqbMKFHCxg5H5PtqW,37i9dQZF1DWVq1SXCH6uFn
0JQ5DAqbMKFKSopHMaeIeI,37i9dQZF1DWXVJK4aT7pmk
0JQ5DAqbMKFKSopHMaeIeI,37i9dQZF1DX14CbVHtvHRB
0JQ5DAqbMKFKSopHMaeIeI,37i9dQZF1DX5cZuAHLNjGz
0JQ5DAqbMKFKSopHMaeIeI,37i9dQZF1DWXkMnNwaapIj
0JQ5DAqbMKFKSopHMaeIeI,37i9dQZF1DWTqYqGLu7kTX
0JQ5DAqbMKFKSopHMaeIeI,37i9dQZF1DX5baCFRgbF3x
0JQ5DAqbMKFKSopHMaeIeI,37i9dQZF1DWSKoG4oVafMt
0JQ5DAqbMKFKSopHMaeIeI,37i9dQZF1DWVDCraF986xg
0JQ5DAqbMKFKSopHMaeIeI,37i9dQZF1DX9L0PulSSl2E
0JQ5DAqbMKFKSopHMaeIeI,37i9dQZF1DWStljCmevj7t
0JQ5DAqbMKFKSopHMaeIeI,37i9dQZF1DWWfmbQgZIznF
0JQ5DAqbMKFKSopHMaeIeI,37i9dQZF1DX29AbHCRoac8
0JQ5DAqbMKFKSopHMaeIeI,37i9dQZF1DXcQNdt1GHNdg
0JQ5DAqbMKFE33XAyDiPIr,37i9dQZF1DX4Im4BTs2WMg
0JQ5DAqbMKFE33XAyDiPIr,37i9dQZF1DWVo4cdnikh7Z
0JQ5DAqbMKFE33XAyDiPIr,37i9dQZF1DX1i3hvzHpcQV
0JQ5DAqbMKFE33XAyDiPIr,37i9dQZF1DX0TyiNWW7uUQ
0JQ5DAqbMKFE33XAyDiPIr,37i9dQZF1DX7vl8XKmpwdM
0JQ5DAqbMKFIdOwkMWR5at,37i9dQZF1DX44F1QWqYoaV
0JQ5DAqbMKFIdOwkMWR5at,37i9dQZF1DX6XE7HRLM75P
0JQ5DAqbMKFIdOwkMWR5at,37i9dQZF1DX5VOFoIqmrOV
0JQ5DAqbMKFIdOwkMWR5at,37i9dQZF1DWWwrjLPC16W7
0JQ5DAqbMKFIdOwkMWR5at,37i9dQZF1DXcrFZ8UTtxv9
0JQ5DAqbMKFIdOwkMWR5at,37i9dQZF1DWTt3gMo0DLxA
0JQ5DAqbMKFIdOwkMWR5at,37i9dQZF1DWTPYJ30Fuy6L
0JQ5DAqbMKFIdOwkMWR5at,37i9dQZF1DWUlxikDc4tqi
0JQ5DAqbMKFIdOwkMWR5at,37i9dQZF1DWTGda3Eyqjzr
0JQ5DAqbMKFIdOwkMWR5at,37i9dQZF1DX3VuB7FVwxmc
0JQ5DAqbMKFIdOwkMWR5at,37i9dQZF1DX2UT3NuRgcHd
0JQ5DAqbMKFIdOwkMWR5at,37i9dQZF1DX5EbPl0mQHmo
0JQ5DAqbMKFIdOwkMWR5at,37i9dQZF1DXdMUUSqm9tTc
0JQ5DAqbMKFIdOwkMWR5at,37i9dQZF1DWWokU1YHhufF
0JQ5DAqbMKFIdOwkMWR5at,37i9dQZF1DX1MYRp9oolwH
0JQ5DAqbMKFIdOwkMWR5at,37i9dQZF1DWZX7pylMgqGz
0JQ5DAqbMKFCWjUTdzaG0e,37i9dQZF1DX26DKvjp0s9M
0JQ5DAqbMKFCWjUTdzaG0e,37i9dQZF1DXdTCdwCKzXwo
0JQ5DAqbMKFCWjUTdzaG0e,37i9dQZF1DXcNf6sH1qnKU
0JQ5DAqbMKFCWjUTdzaG0e,37i9dQZF1DX9LbdoYID5v7
0JQ5DAqbMKFCWjUTdzaG0e,37i9dQZF1DXaLaoaQqrfyO
0JQ5DAqbMKFCWjUTdzaG0e,37i9dQZF1DX873GaRGUmPl
0JQ5DAqbMKFCWjUTdzaG0e,37i9dQZF1DX6ujZpAN0v9r
0JQ5DAqbMKFCWjUTdzaG0e,37i9dQZF1DX0YKekzl0blG
0JQ5DAqbMKFCWjUTdzaG0e,37i9dQZF1DXaLI8a395lse
0JQ5DAqbMKFCWjUTdzaG0e,37i9dQZF1DX30gKInBBe5k
0JQ5DAqbMKFCWjUTdzaG0e,37i9dQZF1DWW06b4n9Ho9J
0JQ5DAqbMKFCWjUTdzaG0e,37i9dQZF1DWWkGXMGv9j4M
0JQ5DAqbMKFCWjUTdzaG0e,37i9dQZF1DWTc5QDlvD7t0
0JQ5DAqbMKFCWjUTdzaG0e,37i9dQZF1DWULq23fLWDsl
0JQ5DAqbMKFCWjUTdzaG0e,37i9dQZF1DX2Vedp1NjGn9
0JQ5DAqbMKFCWjUTdzaG0e,37i9dQZF1DX3n9iLlurL09
0JQ5DAqbMKFCfObibaOZbv,37i9dQZF1DWWY64wDtewQt
0JQ5DAqbMKFCfObibaOZbv,37i9dQZF1DXcH1zkVmOC0e
0JQ5DAqbMKFCfObibaOZbv,37i9dQZF1DWYQhKSOD0Qas
0JQ5DAqbMKFCfObibaOZbv,37i9dQZF1DWUBCiFp3lAyi
0JQ5DAqbMKFCfObibaOZbv,37i9dQZF1DWTyiBJ6yEqeu
0JQ5DAqbMKFCfObibaOZbv,37i9dQZF1DWYRNXjFoiid2
0JQ5DAqbMKFOOxftoKZxod,37i9dQZF1DWTAtTdFMiJYK
0JQ5DAqbMKFOOxftoKZxod,37i9dQZF1DX50FeI1zgOSW
0JQ5DAqbMKFOOxftoKZxod,37i9dQZF1DX9IALXsyt8zk
0JQ5DAqbMKFOOxftoKZxod,37i9dQZF1DWTU63finroJM
0JQ5DAqbMKFOOxftoKZxod,37i9dQZF1DX2TlTLxcIo6J
0JQ5DAqbMKFOOxftoKZxod,37i9dQZF1DWY0DyDKedRYY
0JQ5DAqbMKFOOxftoKZxod,37i9dQZF1DWYc8Z858eGwP
0JQ5DAqbMKFOOxftoKZxod,37i9dQZF1DWV7gN1qBoBYg
0JQ5DAqbMKFPw634sFwguI,37i9dQZF1DWSElo6PPUdZk
0JQ5DAqbMKFPw634sFwguI,37i9dQZF1DX6Cy4Vr7Hu2y
0JQ5DAqbMKFPw634sFwguI,37i9dQZF1DX5KJJSIYaNvs
0JQ5DAqbMKFPw634sFwguI,37i9dQZF1DXblYBkrEcpLK
0JQ5DAqbMKFPw634sFwguI,37i9dQZF1DWU8quswnFt3c
0JQ5DAqbMKFPw634sFwguI,37i9dQZF1DX3qgJkcIjXC2
0JQ5DAqbMKFPw634sFwguI,37i9dQZF1DX7JO5vzoPTXR
0JQ5DAqbMKFPw634sFwguI,37i9dQZF1DX8QB9Ys2nV17
0JQ5DAqbMKFPw634sFwguI,37i9dQZF1DX7QGYV9jyeOE
0JQ5DAqbMKFPw634sFwguI,37i9dQZF1DX15TqoV2o7QK
0JQ5DAqbMKFPw634sFwguI,37i9dQZF1DWWwGws5Po6YO
0JQ5DAqbMKFPw634sFwguI,37i9dQZF1DX5hL1aT2vhMb
0JQ5DAqbMKFEC4WFtoNRpw,37i9dQZF1DX45grRWk2ghU
0JQ5DAqbMKFEC4WFtoNRpw,37i9dQZF1DX0wIBbVnPvie
0JQ5DAqbMKFEC4WFtoNRpw,37i9dQZF1DX2Ft2Y1RF4jG
0JQ5DAqbMKFEC4WFtoNRpw,37i9dQZF1DX0oFpWfPwcGv
0JQ5DAqbMKFEC4WFtoNRpw,37i9dQZF1DXbdNhlZLjJXz
0JQ5DAqbMKFEC4WFtoNRpw,37i9dQZF1DXa90jZU6E5GN
0JQ5DAqbMKFEC4WFtoNRpw,37i9dQZF1DX1SbnWqcjJBz
0JQ5DAqbMKFEC4WFtoNRpw,37i9dQZF1DXbVhgADFy3im
0JQ5DAqbMKFEC4WFtoNRpw,37i9dQZF1DX5cZuAHLNjGz
0JQ5DAqbMKFEC4WFtoNRpw,37i9dQZF1DXbYM3nMM0oPk
0JQ5DAqbMKFEC4WFtoNRpw,37i9dQZF1DXbQDZkQM83q7
0JQ5DAqbMKFEC4WFtoNRpw,37i9dQZF1DXcBWIGoYBM5M
0JQ5DAqbMKFEC4WFtoNRpw,37i9dQZF1DX1dCsSMSXSsP
0JQ5DAqbMKFImHYGo3eTSg,37i9dQZF1DXaRf94BiB7fV
0JQ5DAqbMKFImHYGo3eTSg,37i9dQZF1DX3u9TSHqpdJC
0JQ5DAqbMKFImHYGo3eTSg,37i9dQZF1DWT0upuUFtT7o
0JQ5DAqbMKFImHYGo3eTSg,37i9dQZF1DWWjGdmeTyeJ6
0JQ5DAqbMKFImHYGo3eTSg,37i9dQZF1DXdS3lvGe1GrT
0JQ5DAqbMKFImHYGo3eTSg,37i9dQZF1DWUFAJPVM3HTX
0JQ5DAqbMKFImHYGo3eTSg,37i9dQZF1DWW4igXXl2Qkp
0JQ5DAqbMKFImHYGo3eTSg,37i9dQZF1DX78toxP7mOaJ
0JQ5DAqbMKFImHYGo3eTSg,37i9dQZF1DX6bBjHfdRnza
0JQ5DAqbMKFOx2X0qlR9iG,37i9dQZF1DX84EApEEEkUc
0JQ5DAqbMKFOx2X0qlR9iG,37i9dQZF1DWZBIyOatufxH
0JQ5DAqbMKFOx2X0qlR9iG,37i9dQZF1DXdAS31iLwf91
0JQ5DAqbMKFOx2X0qlR9iG,37i9dQZF1DX163rJoVPJH7
0JQ5DAqbMKFOx2X0qlR9iG,37i9dQZF1DXalezraCRdMC
0JQ5DAqbMKFOx2X0qlR9iG,37i9dQZF1DWW8UKcWYfq9u
0JQ5DAqbMKFOx2X0qlR9iG,37i9dQZF1DXd7v7CBc8XzS
0JQ5DAqbMKFOx2X0qlR9iG,37i9dQZF1DWUhwij7QJy68
0JQ5DAqbMKFOx2X0qlR9iG,37i9dQZF1DWUEPngl1ogec
0JQ5DAqbMKFOx2X0qlR9iG,37i9dQZF1DX32ZhGstc1pA
0JQ5DAqbMKFOx2X0qlR9iG,37i9dQZF1DWZPrKPHbO4OG
0JQ5DAqbMKFLVaM30PMBm4,37i9dQZF1DWX76Z8XDsZzF
0JQ5DAqbMKFLVaM30PMBm4,37i9dQZF1DWZS4GhkDZq7c
0JQ5DAqbMKFLVaM30PMBm4,37i9dQZF1DWWfZHTa5oacf
0JQ5DAqbMKFLVaM30PMBm4,37i9dQZF1DX9L0PulSSl2E
0JQ5DAqbMKFLVaM30PMBm4,37i9dQZF1DXb4uCtZdqTsC
0JQ5DAqbMKFLVaM30PMBm4,37i9dQZF1DX1AVAcepRsUl
0JQ5DAqbMKFLVaM30PMBm4,37i9dQZF1DWZ7eJRBxKzdO
0JQ5DAqbMKFLVaM30PMBm4,37i9dQZF1DX2ogDiL6nZJr
0JQ5DAqbMKFLVaM30PMBm4,37i9dQZF1DXbtuVQL4zoey
0JQ5DAqbMKFLVaM30PMBm4,37i9dQZF1DWUYPasrIWf5j
0JQ5DAqbMKFLb2EqgLtpjC,37i9dQZF1DWZqd5JICZI0u
0JQ5DAqbMKFLb2EqgLtpjC,37i9dQZF1DWXe9gFZP0gtP
0JQ5DAqbMKFLb2EqgLtpjC,37i9dQZF1DXdzGIPNRTvyN
0JQ5DAqbMKFLb2EqgLtpjC,37i9dQZF1DXaImRpG7HXqp
0JQ5DAqbMKFLb2EqgLtpjC,37i9dQZF1DXebxttQCq0zA
0JQ5DAqbMKFLb2EqgLtpjC,37i9dQZF1DX9uKNf5jGX6m
0JQ5DAqbMKFLb2EqgLtpjC,37i9dQZF1DX1tuUiirhaT3
0JQ5DAqbMKFLb2EqgLtpjC,37i9dQZF1DXcj8Mdu8qUVH
0JQ5DAqbMKFLb2EqgLtpjC,37i9dQZF1DWURfu7Lk3xJ1
0JQ5DAqbMKFLb2EqgLtpjC,37i9dQZF1DX3JNwc30ddaO
0JQ5DAqbMKFLb2EqgLtpjC,37i9dQZF1DXaPleDxjpDoo
0JQ5DAqbMKFLb2EqgLtpjC,37i9dQZF1DX1KVBf2zZZ2X
0JQ5DAqbMKFLb2EqgLtpjC,37i9dQZF1DX63RoW298D1b
0JQ5DAqbMKFLb2EqgLtpjC,37i9dQZF1DX4t95PAs1EpY
0JQ5DAqbMKFLb2EqgLtpjC,37i9dQZF1DX1T2fEo0ROQ2
0JQ5DAqbMKFOTGtSOysEXE,37i9dQZF1DWUAOn5dYbrDa
0JQ5DAqbMKFOTGtSOysEXE,37i9dQZF1DWTT2uaNCuEwQ
0JQ5DAqbMKFOTGtSOysEXE,37i9dQZF1DX6o0zIiTnhmq
0JQ5DAqbMKFOTGtSOysEXE,37i9dQZF1DWV6eas0o9JXU
0JQ5DAqbMKFOTGtSOysEXE,37i9dQZF1DWWewwIBnx9QZ
0JQ5DAqbMKFOTGtSOysEXE,37i9dQZF1DX2LmjTY2eac5
0JQ5DAqbMKFOTGtSOysEXE,37i9dQZF1DWXw5zio80eKE
0JQ5DAqbMKFOTGtSOysEXE,37i9dQZF1DXdE1pRJvqV46
0JQ5DAqbMKFOTGtSOysEXE,37i9dQZF1DX1ZY1DoggQaf
0JQ5DAqbMKFOTGtSOysEXE,37i9dQZF1DWW7cvWerSDSE
0JQ5DAqbMKFOTGtSOysEXE,37i9dQZF1DXbXt1ne2kKHF
0JQ5DAqbMKFOTGtSOysEXE,37i9dQZF1DWSUgfe6Uscrg
0JQ5DAqbMKFOTGtSOysEXE,37i9dQZF1DWXf6ZGWAdbTv
0JQ5DAqbMKFOTGtSOysEXE,37i9dQZF1DX320o1OKSfrB
0JQ5DAqbMKFOTGtSOysEXE,37i9dQZF1DX99uWIVpEfEo
0JQ5DAqbMKFOTGtSOysEXE,37i9dQZF1DX4pymDDnhgh5
0JQ5DAqbMKFAEu5QlAkwvV,37i9dQZF1DX6EUcyVKIE73
0JQ5DAqbMKFAEu5QlAkwvV,37i9dQZF1DX6QsiGlwQqfw
0JQ5DAqbMKFAEu5QlAkwvV,37i9dQZF1DX3LrQBSMX6aK
0JQ5DAqbMKFAUsdyVjCQuL,37i9dQZF1DXdpQPPZq3F7n
0JQ5DAqbMKFAUsdyVjCQuL,37i9dQZF1DXa6iPZDThhLh
0JQ5DAqbMKFAUsdyVjCQuL,37i9dQZF1DWVq1SXCH6uFn
0JQ5DAqbMKFAUsdyVjCQuL,37i9dQZF1DX44F1QWqYoaV
0JQ5DAqbMKFAUsdyVjCQuL,37i9dQZF1DXbQDZkQM83q7
0JQ5DAqbMKFAUsdyVjCQuL,37i9dQZF1DWYfvJNWU1bKi
0JQ5DAqbMKFAUsdyVjCQuL,37i9dQZF1DX3NU3NvyoJUz
0JQ5DAqbMKFAUsdyVjCQuL,37i9dQZF1DX3w2Hr9f5Urj
0JQ5DAqbMKFAUsdyVjCQuL,37i9dQZF1DWSKoG4oVafMt
0JQ5DAqbMKFAUsdyVjCQuL,37i9dQZF1DWY7EoqMbT7wZ
0JQ5DAqbMKFAUsdyVjCQuL,37i9dQZF1DWUlxikDc4tqi
0JQ5DAqbMKFAUsdyVjCQuL,37i9dQZF1DX3lmpQSniUBH
0JQ5DAqbMKFAUsdyVjCQuL,37i9dQZF1DWTGda3Eyqjzr
0JQ5DAqbMKFAUsdyVjCQuL,37i9dQZF1DX1UGmKmt2DtZ
0JQ5DAqbMKFAUsdyVjCQuL,37i9dQZF1DX57WIZsVQSIn
0JQ5DAqbMKFAUsdyVjCQuL,37i9dQZF1DXdMUUSqm9tTc
0JQ5DAqbMKFIVNxQgRNSg0,37i9dQZF1DWTGda3Eyqjzr
0JQ5DAqbMKFIVNxQgRNSg0,37i9dQZF1DX5Ejj0EkURtP
0JQ5DAqbMKFIVNxQgRNSg0,37i9dQZF1DX4UtSsGT1Sbe
0JQ5DAqbMKFIVNxQgRNSg0,37i9dQZF1DX4o1oenSJRJd
0JQ5DAqbMKFIVNxQgRNSg0,37i9dQZF1DX1uHCeFHcn8X
0JQ5DAqbMKFIVNxQgRNSg0,37i9dQZF1DWWylYLMvjuRG
0JQ5DAqbMKFIVNxQgRNSg0,37i9dQZF1DX7e8TjkFNKWH
0JQ5DAqbMKFIVNxQgRNSg0,37i9dQZF1DWTJ7xPn4vNaz
0JQ5DAqbMKFIVNxQgRNSg0,37i9dQZF1DXbTxeAdrVG2l
0JQ5DAqbMKFGvOw3O4nLAf,37i9dQZF1DX9tPFwDMOaN1
0JQ5DAqbMKFGvOw3O4nLAf,37i9dQZF1DX4FcAKI5Nhzq
0JQ5DAqbMKFGvOw3O4nLAf,37i9dQZF1DXe5W6diBL5N4
0JQ5DAqbMKFGvOw3O4nLAf,37i9dQZF1DX14fiWYoe7Oh
0JQ5DAqbMKFGvOw3O4nLAf,37i9dQZF1DX4IDaXtVjL83
0JQ5DAqbMKFGvOw3O4nLAf,37i9dQZF1DWW46Vfs1oltB
0JQ5DAqbMKFGvOw3O4nLAf,37i9dQZF1DXbirtHQBuwCo
0JQ5DAqbMKFGvOw3O4nLAf,37i9dQZF1DX4RDXswvP6Mj
0JQ5DAqbMKFGvOw3O4nLAf,37i9dQZF1DX0018ciYu6bM
0JQ5DAqbMKFGvOw3O4nLAf,37i9dQZF1DXdR77H5Z8MIM
0JQ5DAqbMKFGvOw3O4nLAf,37i9dQZF1DX5LEXW9eXA0n
0JQ5DAqbMKFEOEBCABAxo9,37i9dQZF1DX0zlOicpTDXQ
0JQ5DAqbMKFEOEBCABAxo9,37i9dQZF1DX7pKSVhIpJRE
0JQ5DAqbMKFEOEBCABAxo9,37i9dQZF1DXchirPPLF8A7
0JQ5DAqbMKFEOEBCABAxo9,37i9dQZF1DX3YPBv1bwOB5
0JQ5DAqbMKFEOEBCABAxo9,37i9dQZF1DWTyczwg2TmSH
0JQ5DAqbMKFEOEBCABAxo9,37i9dQZF1DWX9UWDWb55Kk
0JQ5DAqbMKFEOEBCABAxo9,37i9dQZF1DWZS3UUOdld0Q
0JQ5DAqbMKFEOEBCABAxo9,37i9dQZF1DXc88qbKkzeR0
0JQ5DAqbMKFEOEBCABAxo9,37i9dQZF1DX3qlqnyl4p68
0JQ5DAqbMKFEOEBCABAxo9,37i9dQZF1DWSjcafaN2Bom
0JQ5DAqbMKFEOEBCABAxo9,37i9dQZF1DX6OLd5MrIVlk
0JQ5DAqbMKFEOEBCABAxo9,37i9dQZF1DX3vKaUkaHiqZ
0JQ5DAqbMKFEOEBCABAxo9,37i9dQZF1DWTuEPedcYvVB
0JQ5DAqbMKFEOEBCABAxo9,37i9dQZF1DWZWf7hUnPGOw
0JQ5DAqbMKFEOEBCABAxo9,37i9dQZF1DWZeis6l3TaSE
0JQ5DAqbMKFEOEBCABAxo9,37i9dQZF1DXbR9Y09ZMqEo
0JQ5DAqbMKFEOEBCABAxo9,37i9dQZF1DWYAFgmYBmOiv
0JQ5DAqbMKFEOEBCABAxo9,37i9dQZF1DX5KARSfd7WcM
