playlist_id,track_id
37i9dQZF1DXcBWIGoYBM5M,5aIVCx5tnk0ntmdiinnYvw
37i9dQZF1DXcBWIGoYBM5M,4xhsWYTOGcal8zt0J161CU
37i9dQZF1DXcBWIGoYBM5M,3rUGC1vUpkDG9CZFHMur1t
37i9dQZF1DXcBWIGoYBM5M,4OMJGnvZfDvsePyCwRGO7X
37i9dQZF1DXcBWIGoYBM5M,7omJfT9s6V2IpQNBYyq5C8
37i9dQZF1DXcBWIGoYBM5M,5mjYQaktjmjcMKcUIcqz4s
37i9dQZF1DXcBWIGoYBM5M,4iZ4pt7kvcaH6Yo8UoZ4s2
37i9dQZF1DXcBWIGoYBM5M,1BxfuPKGuaTgP7aM0Bbdwr
37i9dQZF1DXcBWIGoYBM5M,2KslE17cAJNHTsI2MI0jb2
37i9dQZF1DXcBWIGoYBM5M,4MjDJD8cW7iVeWInc2Bdyj
37i9dQZF1DXcBWIGoYBM5M,2IGMVunIBsBLtEQyoI1Mu7
37i9dQZF1DXcBWIGoYBM5M,1kuGVB7EU95pJObxwvfwKS
37i9dQZF1DXcBWIGoYBM5M,4KULAymBBJcPRpk1yO4dOG
37i9dQZF1DXcBWIGoYBM5M,3vkCueOmm7xQDoJ17W1Pm3
37i9dQZF1DXcBWIGoYBM5M,0WtM2NBVQNNJLh6scP13H8
37i9dQZF1DXcBWIGoYBM5M,3CWq0pAKKTWb0K4yiglDc4
37i9dQZF1DXcBWIGoYBM5M,7dJYggqjKo71KI9sLzqCs8
37i9dQZF1DXcBWIGoYBM5M,1vYXt7VSjH9JIM5oRRo7vA
37i9dQZF1DXcBWIGoYBM5M,6WzRpISELf3YglGAh7TXcG
37i9dQZF1DXcBWIGoYBM5M,0HD8mbiPjp3o94X3EaZp0o
37i9dQZF1DXcBWIGoYBM5M,2Zo1PcszsT9WQ0ANntJbID
37i9dQZF1DXcBWIGoYBM5M,7x9aauaA9cu6tyfpHnqDLo
37i9dQZF1DXcBWIGoYBM5M,0mflMxspEfB0VbI1kyLiAv
37i9dQZF1DXcBWIGoYBM5M,2HafqoJbgXdtjwCOvNEF14
37i9dQZF1DXcBWIGoYBM5M,17phhZDn6oGtzMe56NuWvj
37i9dQZF1DXcBWIGoYBM5M,1Qrg8KqiBpW07V7PNxwwwL
37i9dQZF1DXcBWIGoYBM5M,6wf7Yu7cxBSPrRlWeSeK0Q
37i9dQZF1DXcBWIGoYBM5M,4rXLjWdF2ZZpXCVTfWcshS
37i9dQZF1DXcBWIGoYBM5M,5w40ZYhbBMAlHYNDaVJIUu
37i9dQZF1DXcBWIGoYBM5M,1Iq8oo9XkmmvCQiGOfORiz
37i9dQZF1DXcBWIGoYBM5M,17cia5k4BpGVlyEfqrFH50
37i9dQZF1DXcBWIGoYBM5M,5Eh1nj7IjV9lwpcKAkidyY
37i9dQZF1DXcBWIGoYBM5M,0cVyQfDyRnMJ0V3rjjdlU3
37i9dQZF1DXcBWIGoYBM5M,7aqfrAY2p9BUSiupwk3svU
37i9dQZF1DXcBWIGoYBM5M,6wsqVwoiVH2kde4k4KKAFU
37i9dQZF1DXcBWIGoYBM5M,1odExI7RdWc4BT515LTAwj
37i9dQZF1DXcBWIGoYBM5M,7CyPwkp0oE8Ro9Dd5CUDjW
37i9dQZF1DXcBWIGoYBM5M,5sdQOyqq2IDhvmx2lHOpwd
37i9dQZF1DXcBWIGoYBM5M,73RbfOTJIjHzi2pcVHjeHM
37i9dQZF1DXcBWIGoYBM5M,2i2gDpKKWjvnRTOZRhaPh2
37i9dQZF1DXcBWIGoYBM5M,59NraMJsLaMCVtwXTSia8i
37i9dQZF1DXcBWIGoYBM5M,739WUU1tPFLO4x4HJq561K
37i9dQZF1DXcBWIGoYBM5M,7ABLbnD53cQK00mhcaOUVG
37i9dQZF1DXcBWIGoYBM5M,741UUVE2kuITl0c6zuqqbO
37i9dQZF1DXcBWIGoYBM5M,23RoR84KodL5HWvUTneQ1w
37i9dQZF1DXcBWIGoYBM5M,7DSAEUvxU8FajXtRloy8M0
37i9dQZF1DXcBWIGoYBM5M,0rKWJnmo6Q0ovoPOLoLm0t
37i9dQZF1DXcBWIGoYBM5M,6iF4RgIjDvDqyW13PezSj3
37i9dQZF1DXcBWIGoYBM5M,6GGtHZgBycCgGBUhZo81xe
37i9dQZF1DXcBWIGoYBM5M,2FDTHlrBguDzQkp7PVj16Q
37i9dQZF1DX0XUsuxWHRQd,2YSzYUF3jWqb9YP9VXmpjE
37i9dQZF1DX0XUsuxWHRQd,4xhsWYTOGcal8zt0J161CU
37i9dQZF1DX0XUsuxWHRQd,1udwFobQ1JoOdWPQrp2b6u
37i9dQZF1DX0XUsuxWHRQd,5gzEL5O1ubbtIHUhLkSMTz
37i9dQZF1DX0XUsuxWHRQd,1xWkeSPhf3bZqHY7Ncz8vp
37i9dQZF1DX0XUsuxWHRQd,1c7MITQmNJTrvfbDSzWT6x
37i9dQZF1DX0XUsuxWHRQd,7aqfrAY2p9BUSiupwk3svU
37i9dQZF1DX0XUsuxWHRQd,6iiCzEd1ULpq7nXbZVQ4pi
37i9dQZF1DX0XUsuxWHRQd,2Gk6fi0dqt91NKvlzGsmm7
37i9dQZF1DX0XUsuxWHRQd,7idI4LLo9LVLqrvvzhSj3n
37i9dQZF1DX0XUsuxWHRQd,1nQaTUDJ7Rc4yOvZmg9Ozr
37i9dQZF1DX0XUsuxWHRQd,5Se32hEA9raeboZerywxka
37i9dQZF1DX0XUsuxWHRQd,351CSUM0YDA0GCbHCSKoL1
37i9dQZF1DX0XUsuxWHRQd,7bwflXK0lc225Ir1SlkptS
37i9dQZF1DX0XUsuxWHRQd,2IGMVunIBsBLtEQyoI1Mu7
37i9dQZF1DX0XUsuxWHRQd,6wsqVwoiVH2kde4k4KKAFU
37i9dQZF1DX0XUsuxWHRQd,4367dXCt02KMgELPisJ2D4
37i9dQZF1DX0XUsuxWHRQd,2jmdxJ60YfV3fVemuLz7pD
37i9dQZF1DX0XUsuxWHRQd,0zbGWzQkLY5wn4xyiLYEi0
37i9dQZF1DX0XUsuxWHRQd,6ulEymrJ2Azx1uo3YHSE5w
37i9dQZF1DX0XUsuxWHRQd,42VsgItocQwOQC3XWZ8JNA
37i9dQZF1DX0XUsuxWHRQd,0oqnZWNBvobs1t181f45Ck
37i9dQZF1DX0XUsuxWHRQd,4M68xjcc42oxyphhzpOWXS
37i9dQZF1DX0XUsuxWHRQd,6N7TGPYfGP2oxiy9Cpaz9G
37i9dQZF1DX0XUsuxWHRQd,35gu7pEQ2gOLUvskspCD3Y
37i9dQZF1DX0XUsuxWHRQd,3Kh8X9lHztqVBTgw30HbXn
37i9dQZF1DX0XUsuxWHRQd,4rXLjWdF2ZZpXCVTfWcshS
37i9dQZF1DX0XUsuxWHRQd,4EKfEZ89t2DzU41RbsyFC6
37i9dQZF1DX0XUsuxWHRQd,3ScMs95OaNlkrZuRe7gyYa
37i9dQZF1DX0XUsuxWHRQd,6Qc90FMwNUjJ2M893RdYUg
37i9dQZF1DX0XUsuxWHRQd,7LTCmtMpf3JPfBE8gAl64z
37i9dQZF1DX0XUsuxWHRQd,3kfhS2L56Wj8fBcu7xE47H
37i9dQZF1DX0XUsuxWHRQd,2hkcNrUwTVwKqjfUO1Kx3d
37i9dQZF1DX0XUsuxWHRQd,7GkZ2cx7i74zu1piQy3i6T
37i9dQZF1DX0XUsuxWHRQd,53QRPT9Z42ALxGL1YGT9x1
37i9dQZF1DX0XUsuxWHRQd,4PKh6tJP16etcy2eKyMODe
37i9dQZF1DX0XUsuxWHRQd,67nepsnrcZkowTxMWigSbb
37i9dQZF1DX0XUsuxWHRQd,39fKVWP7D9qAmkM8qjRQoC
37i9dQZF1DX0XUsuxWHRQd,1BmI4EYdfzbg8DlV6pHYrY
37i9dQZF1DX0XUsuxWHRQd,5FDc4ljIWyW8wClzt54dhs
37i9dQZF1DX0XUsuxWHRQd,24zmKlJp1LlIRpagSbMaRY
37i9dQZF1DX0XUsuxWHRQd,4hrd3G5XnJzDC5LZw0Fwgu
37i9dQZF1DX0XUsuxWHRQd,1WzuY075zswuk0pgMNrqCT
37i9dQZF1DX0XUsuxWHRQd,5ia8VbDkfzWBjC6f3bOTt1
37i9dQZF1DX0XUsuxWHRQd,4YQImHflXSiIMXntcwPkx8
37i9dQZF1DX0XUsuxWHRQd,3MbOT5mzE94Ne0Hv51akoS
37i9dQZF1DX0XUsuxWHRQd,2c7sRekhMGlj7u1WIIzoQu
37i9dQZF1DX0XUsuxWHRQd,3dw4v5lOsKRqIX3c1bouJW
37i9dQZF1DX0XUsuxWHRQd,028IoCfEoEoM9fwodhqNP5
37i9dQZF1DX4dyzvuaRJ0n,3M1r9ilL53PLcrLdIuyZ4J
37i9dQZF1DX4dyzvuaRJ0n,5SFCEkybGYmmzKqewtDEaN
37i9dQZF1DX4dyzvuaRJ0n,5ahq8vkzMznGmfN2EVOukP
37i9dQZF1DX4dyzvuaRJ0n,787Y2idwCU2Rk60Prv4wpr
37i9dQZF1DX4dyzvuaRJ0n,2f2dRxjiUOoV5qhZFbnVO6
37i9dQZF1DX4dyzvuaRJ0n,4Q2IUQo8YuoCqiRrDazKK4
37i9dQZF1DX4dyzvuaRJ0n,1CcLA0eaauck34YEIrvAAq
37i9dQZF1DX4dyzvuaRJ0n,0rK3a7tLRVgJBoc2DP3tIX
37i9dQZF1DX4dyzvuaRJ0n,5KTZgG84bKFGm53lhLtTqc
37i9dQZF1DX4dyzvuaRJ0n,5QOBT97OmYCZo1W5u7tRrB
37i9dQZF1DX4dyzvuaRJ0n,4heve4ydl1u6V3AD4moZq9
37i9dQZF1DX4dyzvuaRJ0n,7LXimIqTYO76Utly8VFABu
37i9dQZF1DX4dyzvuaRJ0n,7eUalfb6XYFlpM8LvHmsJD
37i9dQZF1DX4dyzvuaRJ0n,4LwxeWSBu0LQtEyGLb6FVP
37i9dQZF1DX4dyzvuaRJ0n,17t5Ba4T5CEYw2WG2clNeu
37i9dQZF1DX4dyzvuaRJ0n,6GrLwf1LdBCmkBOsmOcbPp
37i9dQZF1DX4dyzvuaRJ0n,4ejCsNXh66YasBUiwfBhDg
37i9dQZF1DX4dyzvuaRJ0n,74HBdKMibHlpW312HTFReN
37i9dQZF1DX4dyzvuaRJ0n,4feAKLuq3ShnAA84HcUFvf
37i9dQZF1DX4dyzvuaRJ0n,0OvO2X2Q3i98dc5RcgEN3x
37i9dQZF1DX4dyzvuaRJ0n,02QE4LsAj7DBjMRxolGE8a
37i9dQZF1DX4dyzvuaRJ0n,7mQAjg2u5udWhnQ07jIHI7
37i9dQZF1DX4dyzvuaRJ0n,0pjBqAz8GlxGlpaU4W0DxS
37i9dQZF1DX4dyzvuaRJ0n,1aNUSKBe6UMyMk3pEu9ws7
37i9dQZF1DX4dyzvuaRJ0n,31nfdEooLEq7dn3UMcIeB5
37i9dQZF1DX4dyzvuaRJ0n,51w0BMC24JALh8uzwRzjMB
37i9dQZF1DX4dyzvuaRJ0n,1IYlFAw4SThAoRx5DWwAjT
37i9dQZF1DX4dyzvuaRJ0n,4r9kj0CqH7RCp6Oxx56SvN
37i9dQZF1DX4dyzvuaRJ0n,4yc0wKwKXGkx9Vqc42MIFy
37i9dQZF1DX4dyzvuaRJ0n,3bK1zVFBKIzYjmptmI4NsJ
37i9dQZF1DX4dyzvuaRJ0n,3uD3HzG6tO8lWUIKtJKcxA
37i9dQZF1DX4dyzvuaRJ0n,2fP9aII1LkmZZmzdAiuNVz
37i9dQZF1DX4dyzvuaRJ0n,59NraMJsLaMCVtwXTSia8i
37i9dQZF1DX4dyzvuaRJ0n,5mjYQaktjmjcMKcUIcqz4s
37i9dQZF1DX4dyzvuaRJ0n,2UMDjpShbeQoON9Dn7ONMK
37i9dQZF1DX4dyzvuaRJ0n,79Ojf7CxxJw04NP4d8hrf8
37i9dQZF1DX4dyzvuaRJ0n,5CaUUACiQFEf4zR5WoeIrp
37i9dQZF1DX4dyzvuaRJ0n,3oOvEw1pgxMtrQMNgPWQHL
37i9dQZF1DX4dyzvuaRJ0n,6afdNrotJ1PCt9DoFiHpLj
37i9dQZF1DX4dyzvuaRJ0n,4AFlChQQJbB1MOCgOiiyYc
37i9dQZF1DX4dyzvuaRJ0n,5IkqbeN8L6DC9kRA7Hp64t
37i9dQZF1DX4dyzvuaRJ0n,3tda2VED1rPj3MmVf3mXTo
37i9dQZF1DX4dyzvuaRJ0n,2bI6KAUqXeIXGAEEvup8ri
37i9dQZF1DX4dyzvuaRJ0n,34x9lHWBLEWgDSUUlx1T5Z
37i9dQZF1DX4dyzvuaRJ0n,7Iv0928rZ28KjivhAJPqfC
37i9dQZF1DX4dyzvuaRJ0n,2HbTwmup8SWz5tMcKZXFLh
37i9dQZF1DX4dyzvuaRJ0n,49wEdWGkL2CcOrXEKklXtJ
37i9dQZF1DX4dyzvuaRJ0n,0g8nIlk2ltpZP8lYlPvRx1
37i9dQZF1DX4dyzvuaRJ0n,7tm4pF2JvKc4GGKSagRuS9
37i9dQZF1DX4dyzvuaRJ0n,6ibDVMcMUNqZ5eXT9sD4Vy
37i9dQZF1DX4dyzvuaRJ0n,3JLpwzhVvYeotNSI4izQUV
37i9dQZF1DX4dyzvuaRJ0n,68udexWA5NqZQh8YXJkHky
37i9dQZF1DX4dyzvuaRJ0n,03mX4WEpvZPkHmEsd2ZoV8
37i9dQZF1DX4dyzvuaRJ0n,2VMH2r2jqBpxk5kWjM8HCo
37i9dQZF1DX4dyzvuaRJ0n,0nAYPzFbosQZ0a60zf88aN
37i9dQZF1DX4dyzvuaRJ0n,2fga4JgHuq91W9HiTfo9GC
37i9dQZF1DX4dyzvuaRJ0n,5DIOs6NEUV14lGzerovXZN
37i9dQZF1DX4dyzvuaRJ0n,5fF9T9SMqBKUvT06cn7kBR
37i9dQZF1DX4dyzvuaRJ0n,6iaFDadGS6EqeyQb0c3QGZ
37i9dQZF1DX4dyzvuaRJ0n,6Kl0BmROA5CAwtQOEFd99y
37i9dQZF1DX4dyzvuaRJ0n,3C74wo9oewRgcvMj14O7Xu
37i9dQZF1DX4dyzvuaRJ0n,4NDhaxAmbKXM8LKrOPNxsy
37i9dQZF1DX4dyzvuaRJ0n,5CMOwBRA9nShq31cMeMEsE
37i9dQZF1DX4dyzvuaRJ0n,0aVrpFRLlrd5zVyPXWP3mS
37i9dQZF1DX4dyzvuaRJ0n,1aRd5tMVhiRyMJLmSOg2IF
37i9dQZF1DX4dyzvuaRJ0n,70ofkwt6aIb4bPQ51OQMQO
37i9dQZF1DX4dyzvuaRJ0n,7LNsgTO7ipNPLE10Nn7iR7
37i9dQZF1DX4dyzvuaRJ0n,30nygP64gBZqbLoWC72vNq
37i9dQZF1DX4dyzvuaRJ0n,0GL2DIZoRorbVbsRejFCaW
37i9dQZF1DX4dyzvuaRJ0n,3d4lGcDN1FISRTBeBeGRoJ
37i9dQZF1DX4dyzvuaRJ0n,3FrlcqYxS1A3W7pCGAHai6
37i9dQZF1DX4dyzvuaRJ0n,0biZ6lxXHy4eHweTbOD33W
37i9dQZF1DX4dyzvuaRJ0n,2ZWmmrWUgDBcPSLihBMvhg
37i9dQZF1DX4dyzvuaRJ0n,1P7xMiKHrAl4e5Vbi6NbPf
37i9dQZF1DX4dyzvuaRJ0n,32fmwlkq7srmOAb5N0vdyj
37i9dQZF1DXcF6B6QPhFDv,7GJRZmyEpMIou1RqG0ebd8
37i9dQZF1DXcF6B6QPhFDv,48SmjoT74xf4Zi07EHRt1s
37i9dQZF1DXcF6B6QPhFDv,1ja4311zfLHqUL96poSXfP
37i9dQZF1DXcF6B6QPhFDv,19vHgVS1aukRiQWhTqfKnE
37i9dQZF1DXcF6B6QPhFDv,4WVJeRP6hjMMBkmWsV4TtF
37i9dQZF1DXcF6B6QPhFDv,6tRneEcItwpSxBtqgem5Dr
37i9dQZF1DXcF6B6QPhFDv,1vJmd8YIIAz6XQ9GHlUr5p
37i9dQZF1DXcF6B6QPhFDv,6vWu5uWlox5TVDPl3LvoG3
37i9dQZF1DXcF6B6QPhFDv,3p84R45PM75ngq8XRoe45o
37i9dQZF1DXcF6B6QPhFDv,5op6kdhlMQ4L0KH30GCZ5T
37i9dQZF1DXcF6B6QPhFDv,7LJETXmpThAx6IvUzczYNR
37i9dQZF1DXcF6B6QPhFDv,7Az7rVogNu6XpLnykVI5fA
37i9dQZF1DXcF6B6QPhFDv,4TPgBDOEVwywalXHFUUUQY
37i9dQZF1DXcF6B6QPhFDv,0bpmBKuehVqxXeYtdeTqEG
37i9dQZF1DXcF6B6QPhFDv,3EjHI10QuKMoVBxcgpHrf3
37i9dQZF1DXcF6B6QPhFDv,2YmJZWGcy0yONMCsEKOuVD
37i9dQZF1DXcF6B6QPhFDv,0oigSejhoNen2EdNAIFcm5
37i9dQZF1DXcF6B6QPhFDv,2F7dO7OCqrxff66epaNPEU
37i9dQZF1DXcF6B6QPhFDv,35k8QihhSU5Z7Rqz7FD2nv
37i9dQZF1DXcF6B6QPhFDv,4Akq61SpQYUE8IuE7hHNH8
37i9dQZF1DXcF6B6QPhFDv,4r5bMIasNl5uYBnzf9TYXU
37i9dQZF1DXcF6B6QPhFDv,4hvCxgioUiT85MCgfIhDP3
37i9dQZF1DXcF6B6QPhFDv,1BO9znQb8BbJ5W8KPAqgWE
37i9dQZF1DXcF6B6QPhFDv,0UNDrAptMY5glGrcdr93Kx
37i9dQZF1DXcF6B6QPhFDv,5F3HNBitIp7FkxhBl8SNgW
37i9dQZF1DXcF6B6QPhFDv,7bbhu051CI6krV0M6lv7tl
37i9dQZF1DXcF6B6QPhFDv,3XV77GNuIPYff6T7bzjYy9
37i9dQZF1DXcF6B6QPhFDv,483ngpflrHCLnkBSXsSnsb
37i9dQZF1DXcF6B6QPhFDv,5NRtdsFFlmyE8qDMgS08PE
37i9dQZF1DXcF6B6QPhFDv,0Ef2EJ0YndF0GZMQHsrOvt
37i9dQZF1DXcF6B6QPhFDv,1pJk9Ai1GNT0HPWdRpgbBx
37i9dQZF1DXcF6B6QPhFDv,5sp71CUt0jXRNqHblPGp7b
37i9dQZF1DXcF6B6QPhFDv,7t01uN0kyKMEK8Ow9hhEXa
37i9dQZF1DXcF6B6QPhFDv,0QligzLNiKkIKW1Ea2MFHt
37i9dQZF1DXcF6B6QPhFDv,7oob8M60wM76SlqThEwoTC
37i9dQZF1DXcF6B6QPhFDv,0Zp4PR3jLHfxcXdBdRLh7M
37i9dQZF1DXcF6B6QPhFDv,0uuxAXS1X7kH0WjC0nD6q9
37i9dQZF1DXcF6B6QPhFDv,6jOZiOe9s7TtTqvSMmuWTj
37i9dQZF1DXcF6B6QPhFDv,3CsJjIyl2Y6jz08DUuMMz8
37i9dQZF1DXcF6B6QPhFDv,1O7hVfI7ETQvQmPC0EqfY7
37i9dQZF1DXcF6B6QPhFDv,4EmnzJLkWYI9JyYTWtnOVT
37i9dQZF1DXcF6B6QPhFDv,22MaTYGutS36j4KOXfqvQn
37i9dQZF1DXcF6B6QPhFDv,4zx4H3Q0ASymmPgbfUmeRo
37i9dQZF1DXcF6B6QPhFDv,1byxxkw33SsLEYNRKdmaOQ
37i9dQZF1DXcF6B6QPhFDv,7bMm4GSR0O90ZrrqsKf74G
37i9dQZF1DXcF6B6QPhFDv,71MVjTIeOQzPkEmfgL3uNc
37i9dQZF1DXcF6B6QPhFDv,6JfISacOvddHFsPkE8bE3Z
37i9dQZF1DXcF6B6QPhFDv,2N9j5SNc6cQMYpUeyXYlBV
37i9dQZF1DXcF6B6QPhFDv,2TNyNqT3RBXhtNV7OiAgiC
37i9dQZF1DXcF6B6QPhFDv,1g8becOwXRFEkYukY94L99
37i9dQZF1DX4SBhb3fqCJd,7omJfT9s6V2IpQNBYyq5C8
37i9dQZF1DX4SBhb3fqCJd,44G2gUVQvNNZ6w3i05tR4n
37i9dQZF1DX4SBhb3fqCJd,4WzfrBu4t3LVv1BSKWugbW
37i9dQZF1DX4SBhb3fqCJd,7DswEZZthZ6piQpL25qGAM
37i9dQZF1DX4SBhb3fqCJd,0J1YRLYhTG1MBosjidD7OI
37i9dQZF1DX4SBhb3fqCJd,13eNzMdXHUinoWsxcRXTCW
37i9dQZF1DX4SBhb3fqCJd,4nFrcGM7MY1mpoQCC7Kefj
37i9dQZF1DX4SBhb3fqCJd,0Ani0foia32xeSDE2MdHWM
37i9dQZF1DX4SBhb3fqCJd,3rgPcA3yCtvVCxvcVFcBxs
37i9dQZF1DX4SBhb3fqCJd,4SPazIWgMqArA81XKxgDZa
37i9dQZF1DX4SBhb3fqCJd,66PVdnWWemyJbvScVS6vJ0
37i9dQZF1DX4SBhb3fqCJd,6sg284TefDkBpFh0317Agp
37i9dQZF1DX4SBhb3fqCJd,1zgHn1EqUyA0HqNYMdJ5ia
37i9dQZF1DX4SBhb3fqCJd,7rZbFj5T5GzbIrVMrkw5AU
37i9dQZF1DX4SBhb3fqCJd,1whAXVGN8AdfrnoXNIXfJf
37i9dQZF1DX4SBhb3fqCJd,6Vuas3LiStIwzv3iG2WZV3
37i9dQZF1DX4SBhb3fqCJd,6x4z51Q0PBhSs8NoGbJ5wk
37i9dQZF1DX4SBhb3fqCJd,3JZjcKImHcmOI9ylL4zrSc
37i9dQZF1DX4SBhb3fqCJd,6vcYqLsAJLK2UuG98DrFuU
37i9dQZF1DX4SBhb3fqCJd,5YABYtKx9qa56vBjlXDbmw
37i9dQZF1DX4SBhb3fqCJd,64TJKMfx0QxpuR7rTXL05c
37i9dQZF1DX4SBhb3fqCJd,2ZqOCKuFkKhAZDRYI90EHb
37i9dQZF1DX4SBhb3fqCJd,2ocJnGeHud74jyPlxN7XB7
37i9dQZF1DX4SBhb3fqCJd,3NiL2JcFIncyshy4KOKA73
37i9dQZF1DX4SBhb3fqCJd,2xDglkKUh1x6SDHtlv8H8J
37i9dQZF1DX4SBhb3fqCJd,18QC5FsQ9FThInUrC6BScS
37i9dQZF1DX4SBhb3fqCJd,4HISFDmENrT1reZ5nMUe4l
37i9dQZF1DX4SBhb3fqCJd,4mYSL3RDHto3rcl7I57ndv
37i9dQZF1DX4SBhb3fqCJd,6v3wsybEOTeJ7wTlBJasJj
37i9dQZF1DX4SBhb3fqCJd,3d4ATyPyoh5waQRY8DiXcf
37i9dQZF1DX4SBhb3fqCJd,6Dae6DNW72nLZ6KGyE7aeH
37i9dQZF1DX4SBhb3fqCJd,0lpo9c5J9uOZqMsXEei1gV
37i9dQZF1DX4SBhb3fqCJd,71pFw48rIGZRAMbtWbA2XJ
37i9dQZF1DX4SBhb3fqCJd,6kIgzGx7gH0qAKTFTF5GsU
37i9dQZF1DX4SBhb3fqCJd,3OgdnA3LYpJ6vxrfk6X3p4
37i9dQZF1DX4SBhb3fqCJd,2N6s3852GdbqhV29or63En
37i9dQZF1DX4SBhb3fqCJd,2fHKzcFXMme56EJMgFsudr
37i9dQZF1DX4SBhb3fqCJd,0kP79Anpp0vz91aphg51jr
37i9dQZF1DX4SBhb3fqCJd,3ria9Axw5mheRAOoP9bnof
37i9dQZF1DX4SBhb3fqCJd,3JmmzgSs6VvBa3gQzcijsm
37i9dQZF1DX4SBhb3fqCJd,02DTkcgh0BpYrEYPO05Zex
37i9dQZF1DX4SBhb3fqCJd,3TLUPabatqnokgoZdfXUAV
37i9dQZF1DX4SBhb3fqCJd,1eIXYZWEfJO3Na2LCCnIJE
37i9dQZF1DX4SBhb3fqCJd,4Ep3FZomL0EAKeYqW0riz6
37i9dQZF1DX4SBhb3fqCJd,0VNe1ZE8U2baB3JKZpEBok
37i9dQZF1DX4SBhb3fqCJd,0qNH2olGC2AUMMptYsdrK5
37i9dQZF1DX4SBhb3fqCJd,4yZIlBKbrvOfQlhR0oZvwS
37i9dQZF1DX4SBhb3fqCJd,1xs5R1koW93bXtXD2s59nR
37i9dQZF1DX4SBhb3fqCJd,3ocGQh1erdD9zAfijHMQZu
37i9dQZF1DX4SBhb3fqCJd,7tzeZLMnqlke2raEMeDZ9S
37i9dQZF1DX10zKzsJ2jva,7iUtQNMRB8ZkKC4AmEuCJC
37i9dQZF1DX10zKzsJ2jva,7iQXYTyuG13aoeHxGG28Nh
37i9dQZF1DX10zKzsJ2jva,6CvTEtGagmzQvkUzzyKR9k
37i9dQZF1DX10zKzsJ2jva,6fNCrsrdIcgVd2aZZ0nnz4
37i9dQZF1DX10zKzsJ2jva,3XB5uhhlYSnkxpSihkNQwh
37i9dQZF1DX10zKzsJ2jva,4MjDJD8cW7iVeWInc2Bdyj
37i9dQZF1DX10zKzsJ2jva,7ABLbnD53cQK00mhcaOUVG
37i9dQZF1DX10zKzsJ2jva,1HLaJowFbNM3MPyqnk5vjW
37i9dQZF1DX10zKzsJ2jva,6XbtvPmIpyCbjuT0e8cQtp
37i9dQZF1DX10zKzsJ2jva,6XSqqQIy7Lm7SnwxS4NrGx
37i9dQZF1DX10zKzsJ2jva,6uIIdjYTxxpWOyWuVXrKQO
37i9dQZF1DX10zKzsJ2jva,2vRmz7wDDxRY4zPSzwEmIT
37i9dQZF1DX10zKzsJ2jva,1jeaCBXzfpy9kPBuLSQNmo
37i9dQZF1DX10zKzsJ2jva,6q6aChVJ5LLXFUSfakwpxW
37i9dQZF1DX10zKzsJ2jva,2kz1YOhJiNubjigR1gB1VX
37i9dQZF1DX10zKzsJ2jva,6vkEJP0K2rPfe0ucPnKkLd
37i9dQZF1DX10zKzsJ2jva,3nNmRE0DxHC6ZaKkrpUumS
37i9dQZF1DX10zKzsJ2jva,6k5wiT5l9DK8iZmhvEvoqo
37i9dQZF1DX10zKzsJ2jva,7mXuWTczZNxG5EDcjFEuJR
37i9dQZF1DX10zKzsJ2jva,7mLPSkAJraASgNk6ywyTkp
37i9dQZF1DX10zKzsJ2jva,2HafqoJbgXdtjwCOvNEF14
37i9dQZF1DX10zKzsJ2jva,6VjagyaPDsRal64aHXNIUY
37i9dQZF1DX10zKzsJ2jva,6irysuQyZWd7Bjj7ePiOs2
37i9dQZF1DX10zKzsJ2jva,7yIIeKUxTpn36X6CFJhgEi
37i9dQZF1DX10zKzsJ2jva,62xla8336vUnmxTWNzCfRt
37i9dQZF1DX10zKzsJ2jva,6R0DBvEERp0MrxqxNsQ6rw
37i9dQZF1DX10zKzsJ2jva,6RcAHyC5sAUIbPTkhOQwd8
37i9dQZF1DX10zKzsJ2jva,6pLYGP1FGsfhUFb3s9X1mz
37i9dQZF1DX10zKzsJ2jva,0QRHOAeU8JRaVVn3UoZBih
37i9dQZF1DX10zKzsJ2jva,671fHUAB2n0MocazS1bMB8
37i9dQZF1DX10zKzsJ2jva,3FvTHuefYV6TxE3Kseqno8
37i9dQZF1DX10zKzsJ2jva,2VOXLA9TzOAVCjDi7RY5DV
37i9dQZF1DX10zKzsJ2jva,6gMj2DzKR2PjrrbNSwcGFR
37i9dQZF1DX10zKzsJ2jva,3Yw6KJjm8ycybvl6UdW9dq
37i9dQZF1DX10zKzsJ2jva,35FW5OEe4p38LdjK1KqT2X
37i9dQZF1DX10zKzsJ2jva,4PA1wK0leCjmRZlP5dQ8Lv
37i9dQZF1DX10zKzsJ2jva,5ONDwiSzjziWVwmxRZCen6
37i9dQZF1DX10zKzsJ2jva,4SW9gHnW8NfKOdqmh0ij45
37i9dQZF1DX10zKzsJ2jva,5XVdHRf4CAJ2Jm0uMIy5qY
37i9dQZF1DX10zKzsJ2jva,2TJKY0WSFufZOzbRNgl6zE
37i9dQZF1DX10zKzsJ2jva,0J9g1MMJDhyvOb3NWckHMm
37i9dQZF1DX10zKzsJ2jva,0p0cOpBujR114Wirv5AM7W
37i9dQZF1DX10zKzsJ2jva,0Me3GyNuLOa1YTIxhJPyCn
37i9dQZF1DX10zKzsJ2jva,2hn2zOA2XFlv6DSmesylrL
37i9dQZF1DX10zKzsJ2jva,0O3U5iwTbiXCREMkvotJuN
37i9dQZF1DX10zKzsJ2jva,6VsqdsaY4oV06NODea0L0J
37i9dQZF1DX10zKzsJ2jva,3wlIAXSDtlD9iU8ysld06Z
37i9dQZF1DX10zKzsJ2jva,6hwGwCfCwHoSJQw7AYPEQu
37i9dQZF1DX10zKzsJ2jva,4tYgQrGwhpvjfq4ryajgUo
37i9dQZF1DX1lVhptIYRda,4KULAymBBJcPRpk1yO4dOG
37i9dQZF1DX1lVhptIYRda,5ya0TmUQw2wHMkq36rPsnd
37i9dQZF1DX1lVhptIYRda,2hNQDbZcN3vqRAuwiz7poI
37i9dQZF1DX1lVhptIYRda,1UlwFwRrb4Kth3TwnjBAJV
37i9dQZF1DX1lVhptIYRda,7MSWxMumjz6lHj7oRApNbg
37i9dQZF1DX1lVhptIYRda,0eBFgRxyVSeuT4iyrbukdn
37i9dQZF1DX1lVhptIYRda,41cv1emXVm5Su4DWvltXa6
37i9dQZF1DX1lVhptIYRda,2z5t8IRRtt5vwkSzP9umJo
37i9dQZF1DX1lVhptIYRda,6vsa5VDsIaWC8oJnowU65l
37i9dQZF1DX1lVhptIYRda,2otAb5kIGdZzJCqcUHNztT
37i9dQZF1DX1lVhptIYRda,0wXThIDxO3YRJCpPgnmbkw
37i9dQZF1DX1lVhptIYRda,103u49mLoJUge83B1CnLxI
37i9dQZF1DX1lVhptIYRda,7tthSTXf5hvLdzW8fb2Kzy
37i9dQZF1DX1lVhptIYRda,1xdsRkWxWWUkKhh9hRtfYp
37i9dQZF1DX1lVhptIYRda,73zawW1ttszLRgT9By826D
37i9dQZF1DX1lVhptIYRda,2eGvz6O6tVnh9nKiitDEhZ
37i9dQZF1DX1lVhptIYRda,2kE2HFBFkJ0VMw3igxYohz
37i9dQZF1DX1lVhptIYRda,1pmBuw9a3r467tlzVZj0P4
37i9dQZF1DX1lVhptIYRda,3vKAQFXRh0lkJdPuS5pclq
37i9dQZF1DX1lVhptIYRda,2neydrTb5GVPRHNNmW0iPP
37i9dQZF1DX1lVhptIYRda,2gT2iF1YK5r54A2PDEXVv8
37i9dQZF1DX1lVhptIYRda,7Ez0QMtgIQ60BOHGHh3yPc
37i9dQZF1DX1lVhptIYRda,2ePiBvKtQOCBHq9uOlwiiU
37i9dQZF1DX1lVhptIYRda,65M92JpTbAdHmTQm4jGaDa
37i9dQZF1DX1lVhptIYRda,6DHPLbudo5JXNdUlG7zDcC
37i9dQZF1DX1lVhptIYRda,4l5w5qGInIhwfvpYmPIYdK
37i9dQZF1DX1lVhptIYRda,0ayd4fDb6rMZl9uqCY3Hzl
37i9dQZF1DX1lVhptIYRda,4QzoBae05AxedOwsC8cqlh
37i9dQZF1DX1lVhptIYRda,4bARASJEokNacSYtEhoNBp
37i9dQZF1DX1lVhptIYRda,4dtIxANFBU6CfhI9c2hf2g
37i9dQZF1DX1lVhptIYRda,72kGuWpRiuA149Bn5lDkIO
37i9dQZF1DX1lVhptIYRda,2dPwBKr5uJeCeyd5IoWi8W
37i9dQZF1DX1lVhptIYRda,3eNOyXmzuA46bUvi8FkIoW
37i9dQZF1DX1lVhptIYRda,0GdZqKPBrvkpo7mk2OyHtf
37i9dQZF1DX1lVhptIYRda,3vsdSgCvepm6kroIPLa4Oz
37i9dQZF1DX1lVhptIYRda,43SoxERu5UlXAgt4Es1VQU
37i9dQZF1DX1lVhptIYRda,7hZTywPKMdVjJzwdWu11BK
37i9dQZF1DX1lVhptIYRda,7qaMlLPdwNiiU1Uiy1oAdO
37i9dQZF1DX1lVhptIYRda,1hgINxfKQlJOikzd9skvC2
37i9dQZF1DX1lVhptIYRda,6UoKX6uLJwhsnyTp5k5StP
37i9dQZF1DX1lVhptIYRda,1fOvzFCRA3Ko0ihc2QTE29
37i9dQZF1DX1lVhptIYRda,6d3QUBsiAw3aZI6F2mMhzk
37i9dQZF1DX1lVhptIYRda,2d3KkBpDlOCLT5Wlhrwhfd
37i9dQZF1DX1lVhptIYRda,30fbAXFjj9feoB56NbLFN0
37i9dQZF1DX1lVhptIYRda,23bEisUvcSmIELLy4CMhkN
37i9dQZF1DX1lVhptIYRda,5uTQC24DoCTc287oH8Xpp4
37i9dQZF1DX1lVhptIYRda,6DYtfjCJdFOXUlV3E9a9bI
37i9dQZF1DX1lVhptIYRda,28dwWN6sZQGBSZuMdCbbQY
37i9dQZF1DX1lVhptIYRda,30LZU3ReFIndjHLfaahreM
37i9dQZF1DX1lVhptIYRda,1olWQ1LOUYs4VBwx5N8Lz9
37i9dQZF1DWZMWLrh2UzwC,3CWq0pAKKTWb0K4yiglDc4
37i9dQZF1DWZMWLrh2UzwC,7omJfT9s6V2IpQNBYyq5C8
37i9dQZF1DWZMWLrh2UzwC,00v0tTZNJYfXZzINHWQcvN
37i9dQZF1DWZMWLrh2UzwC,1whAXVGN8AdfrnoXNIXfJf
37i9dQZF1DWZMWLrh2UzwC,0W4WuLZcehB48UkdCw9b4T
37i9dQZF1DWZMWLrh2UzwC,4bGng9M5rKzoVdPed0b9Rb
37i9dQZF1DWZMWLrh2UzwC,7qF0FfuzBFwMe1lNHkEDxW
37i9dQZF1DWZMWLrh2UzwC,4vFBtdQpUOCmNDsBw695lA
37i9dQZF1DWZMWLrh2UzwC,3XuBSGfyPaVxfpt97F5IVJ
37i9dQZF1DWZMWLrh2UzwC,67PoRNvxs6jfj7f00UWOVN
37i9dQZF1DWZMWLrh2UzwC,7gwDhjnhOF76bEY08H1of9
37i9dQZF1DWZMWLrh2UzwC,2gyCwrOcC6JBoaJ8JGJ7T8
37i9dQZF1DWZMWLrh2UzwC,2KoeSRTm9cRulYnkaEyUaP
37i9dQZF1DWZMWLrh2UzwC,1KkC3Nzxv3OZorm5m1843p
37i9dQZF1DWZMWLrh2UzwC,6NIlYycjhvtKGKtiABymF3
37i9dQZF1DWZMWLrh2UzwC,5ahq8vkzMznGmfN2EVOukP
37i9dQZF1DWZMWLrh2UzwC,4PRdeh2zIyM1pvY4x5luLe
37i9dQZF1DWZMWLrh2UzwC,4TwKTu6EOJFvAlDAzQRWrd
37i9dQZF1DWZMWLrh2UzwC,0ZtWVho1KKMD9w55XYoDPl
37i9dQZF1DWZMWLrh2UzwC,0VPFT123HKoQ2J6ipeDcI1
37i9dQZF1DWZMWLrh2UzwC,2nAXDcsUiNdBa9xypqhe5I
37i9dQZF1DWZMWLrh2UzwC,06jSAhKCHJJtRt0lzvMxKQ
37i9dQZF1DWZMWLrh2UzwC,77ypIknTAFZbRDVWCggH0l
37i9dQZF1DWZMWLrh2UzwC,16reXZEXD2xpGObiaCLRlJ
37i9dQZF1DWZMWLrh2UzwC,4s9FPuVXTYR6Eqc4oxO3sA
37i9dQZF1DWZMWLrh2UzwC,0cFQjkOWJHL9Foigvlw0IQ
37i9dQZF1DWZMWLrh2UzwC,3WzmwVmkRDTYroaLg0Klcb
37i9dQZF1DWZMWLrh2UzwC,0ccTjWhYWf7OkIuKluhyZb
37i9dQZF1DWZMWLrh2UzwC,0jSHwhowInP7AgP9BkWudl
37i9dQZF1DWZMWLrh2UzwC,3iQNce2vHa8N9M4uPYOsiT
37i9dQZF1DWZMWLrh2UzwC,6O2ruDL64hebg6W2VPvDLX
37i9dQZF1DWZMWLrh2UzwC,3RaG1pAMRHFiCAqcE9KKNo
37i9dQZF1DWZMWLrh2UzwC,3VBj0lzjmhTzVFPEDOjNCG
37i9dQZF1DWZMWLrh2UzwC,5YKks6WSGtM1UzC5peS5gj
37i9dQZF1DWZMWLrh2UzwC,7n1yuwnzs5jTEitJ7eecS8
37i9dQZF1DWZMWLrh2UzwC,2Bc9du4VY4XIx79L4XZqug
37i9dQZF1DWZMWLrh2UzwC,6tb0S6rSzgrf5sgeUPL8sr
37i9dQZF1DWZMWLrh2UzwC,1uhl3sqIBe3lDViAzZWFLA
37i9dQZF1DWZMWLrh2UzwC,6L6vKLAXj1JnYQ0KzD2FWQ
37i9dQZF1DWZMWLrh2UzwC,6OokdIqA1Zi5t7GH2bUJDo
37i9dQZF1DWZMWLrh2UzwC,0IwfkaAXlFK3usQ6rmPmJp
37i9dQZF1DWZMWLrh2UzwC,0Afy3YLiplbzKiCZezXsz5
37i9dQZF1DWZMWLrh2UzwC,7hYeQP7fLWG1K146zHPdWy
37i9dQZF1DWZMWLrh2UzwC,3NUUIBHFZR5aaqGYCjm3ox
37i9dQZF1DWZMWLrh2UzwC,5MHNVfob6U5PBe8y15A4MG
37i9dQZF1DWZMWLrh2UzwC,57sFYkEcRjkxnzVsvQOYQh
37i9dQZF1DWZMWLrh2UzwC,2Z66x9wDJt86pFAbXbPR6C
37i9dQZF1DWZMWLrh2UzwC,5SA9CciI017BhXhp82K6Mg
37i9dQZF1DWZMWLrh2UzwC,0LWmdlIV12JSZ0ReoAlfSp
37i9dQZF1DWZMWLrh2UzwC,56UnwWtjPqJA2gQthNALiR
37i9dQZF1DWZMWLrh2UzwC,69hJjlCCD9ZbeSTYl6id04
37i9dQZF1DWZMWLrh2UzwC,1trGVaNMCaVBQ7Wd4qX83W
37i9dQZF1DWZMWLrh2UzwC,1i1naQZbmJoF8ocBpTbRGl
37i9dQZF1DWZMWLrh2UzwC,3PS3si74boOaOC6zxf858B
37i9dQZF1DWZMWLrh2UzwC,5Wi1nGdQoyMxwFwKYxiaeN
37i9dQZF1DWZMWLrh2UzwC,3fixP4VxUKRRg7i8WeViuL
37i9dQZF1DWZMWLrh2UzwC,1B2CS1Ipm1XqGZE2y5tL93
37i9dQZF1DWZMWLrh2UzwC,04zxcLZo2WLXcJKjp5wEjb
37i9dQZF1DWZMWLrh2UzwC,3znKpMRCzOloTYv0uGAs22
37i9dQZF1DWZMWLrh2UzwC,5PH9ltMSmTtgnfTNCfuDao
37i9dQZF1DWZMWLrh2UzwC,23Zn67sjoUvEyLH4GPfIjH
37i9dQZF1DWZMWLrh2UzwC,1oharO6dFvRmHKI2o65GBe
37i9dQZF1DWZMWLrh2UzwC,4feAKLuq3ShnAA84HcUFvf
37i9dQZF1DWZMWLrh2UzwC,0dyNRRAiEnX98U4BlZkbfT
37i9dQZF1DWZMWLrh2UzwC,5BnL7i0syYE3KK8RgbK6hn
37i9dQZF1DWZMWLrh2UzwC,1zh1cJT5qzuhb0F2S6X9ba
37i9dQZF1DWZMWLrh2UzwC,5IFbfoMpRvEXHbUBQq3yK5
37i9dQZF1DWZMWLrh2UzwC,4zN0rgpBOcpXnp6EJkYmnM
37i9dQZF1DWZMWLrh2UzwC,41WHWQcJ0Xp4EzO9Q0cnR3
37i9dQZF1DWZMWLrh2UzwC,6kt0aieK8q9Ef4MrPxLYW5
37i9dQZF1DWZMWLrh2UzwC,1cU7aqkCntWTZVcMusnHp1
37i9dQZF1DWZMWLrh2UzwC,1cd7DaYMp7xnaCUUTyhbrL
37i9dQZF1DWZMWLrh2UzwC,3DJ8TbneHyqIwTbT84j0Lc
37i9dQZF1DWZMWLrh2UzwC,0N0ZfoWuX7INy4wuxgK3aa
37i9dQZF1DWZMWLrh2UzwC,6lZrMteR4f7nHrNW4ot3H1
37i9dQZF1DWZMWLrh2UzwC,6ejBx2l9eJr5n1V7t0WpCC
37i9dQZF1DWZMWLrh2UzwC,3rVgFAXFJnmpki9sVgRFfn
37i9dQZF1DWZMWLrh2UzwC,6jdkNQpwclqrrgcxbz6GA5
37i9dQZF1DWWjGdmeTyeJ6,5ejTKcE8LBKrPD9ZTwuMeJ
37i9dQZF1DWWjGdmeTyeJ6,3zSSCPpLZ5Oc8nelhhGjKz
37i9dQZF1DWWjGdmeTyeJ6,43MifzVnh8W3jJN0xqU9jR
37i9dQZF1DWWjGdmeTyeJ6,5wQyLDy36ihxX69E7JBi4L
37i9dQZF1DWWjGdmeTyeJ6,0Y4mwQ4z0Voplgh7o2OZYm
37i9dQZF1DWWjGdmeTyeJ6,5bwjacSzWwVZzKHRGsOGDP
37i9dQZF1DWWjGdmeTyeJ6,50kWigrg0O9DFUzzbgJMZO
37i9dQZF1DWWjGdmeTyeJ6,6XEt23sq6sRgER8sSZbCR5
37i9dQZF1DWWjGdmeTyeJ6,1aVJfYAryZWDqwa6IOiHzE
37i9dQZF1DWWjGdmeTyeJ6,4Z1olDl8aym5xZYZAat672
37i9dQZF1DWWjGdmeTyeJ6,6G4ICKUrsPb117ULGyrQ5N
37i9dQZF1DWWjGdmeTyeJ6,67OrF48gkNByr9HpRtSOSD
37i9dQZF1DWWjGdmeTyeJ6,0ayd4fDb6rMZl9uqCY3Hzl
37i9dQZF1DWWjGdmeTyeJ6,3xeDr86GnwkxhHQIit7NL9
37i9dQZF1DWWjGdmeTyeJ6,5VDrRxafQlpZy7Ew4HvVME
37i9dQZF1DWWjGdmeTyeJ6,3a2Oftcs10wtzw6AmxuTMU
37i9dQZF1DWWjGdmeTyeJ6,1Qq0KLUDks1te934eJpbeV
37i9dQZF1DWWjGdmeTyeJ6,4KSRdah26ypIXVNZPHmzO3
37i9dQZF1DWWjGdmeTyeJ6,28dwWN6sZQGBSZuMdCbbQY
37i9dQZF1DWWjGdmeTyeJ6,7dJXDo04rMWbfIepBGTfi0
37i9dQZF1DWWjGdmeTyeJ6,0vaLp7HL1NjFLcEQ66bz8X
37i9dQZF1DWWjGdmeTyeJ6,3b1LOYktJgqGoy3QMyhOCk
37i9dQZF1DWWjGdmeTyeJ6,0ZUZmQiHvcHJY3375xsk3F
37i9dQZF1DWWjGdmeTyeJ6,7dkPG811ZnHikb319Jzskd
37i9dQZF1DWWjGdmeTyeJ6,5BzADVUCRuxiPz2ah64RLk
37i9dQZF1DWWjGdmeTyeJ6,1sEIkVGd7fG4K5wFQS6f6y
37i9dQZF1DWWjGdmeTyeJ6,0kdB2mZ8GVyi94dp2KGJvS
37i9dQZF1DWWjGdmeTyeJ6,2pwrXRM5OHVxvd7D5yqoDO
37i9dQZF1DWWjGdmeTyeJ6,0jatnHT0N0LSpbE1obPLB9
37i9dQZF1DWWjGdmeTyeJ6,3I7i0kt5EcuVdYWfSu2LSm
37i9dQZF1DWWjGdmeTyeJ6,6ygaR0OCPjB2YdBbbNKvss
37i9dQZF1DWWjGdmeTyeJ6,4LIQacKPUjto8rVlVuY09O
37i9dQZF1DWWjGdmeTyeJ6,6X1e8vitsmstMQIC2wrETx
37i9dQZF1DWWjGdmeTyeJ6,5SNrF8sTUjkyliM7ZLhUtN
37i9dQZF1DWWjGdmeTyeJ6,0KTj4f42N812t5jfFto2CU
37i9dQZF1DWWjGdmeTyeJ6,1QxTmNDHFmgaxgAolqqgAD
37i9dQZF1DWWjGdmeTyeJ6,2raaAIwNBB924qU7Cp3NLx
37i9dQZF1DWWjGdmeTyeJ6,6ojor4w0aY3Nl101vyidbH
37i9dQZF1DWWjGdmeTyeJ6,1x6TYpJ3IfpEnfWOIuznkV
37i9dQZF1DWWjGdmeTyeJ6,141LKU6Shr5ogV6hDYQeuf
37i9dQZF1DWWjGdmeTyeJ6,6MvuLjhCLJYqeV2pgZb5Mo
37i9dQZF1DWWjGdmeTyeJ6,0QWbZNc1mW8k9Alpl6AnSL
37i9dQZF1DWWjGdmeTyeJ6,6zHJ0wJT8MWEpVJADAwxN9
37i9dQZF1DWWjGdmeTyeJ6,0LBvqSkfl9FgOuKYg04l1s
37i9dQZF1DWWjGdmeTyeJ6,4ySch7clKEIT3h3GXDNBWR
37i9dQZF1DWWjGdmeTyeJ6,3qaRvg6ycuTAQKgTnlhpjn
37i9dQZF1DWWjGdmeTyeJ6,3249EJWdvR7xuLbXoxvLcJ
37i9dQZF1DWWjGdmeTyeJ6,6LjmIxsNRNrAb8uvJktOeL
37i9dQZF1DWWjGdmeTyeJ6,7jrwX0azm3t7IHqR3B0jNe
37i9dQZF1DWWjGdmeTyeJ6,1WT2QEI4bRpjMX5sDmtbab
37i9dQZF1DWWjGdmeTyeJ6,6ju4VPjmZhm3F64pfEdi4U
37i9dQZF1DWWjGdmeTyeJ6,5K1jIe2SWTGrm37SN0Crdo
37i9dQZF1DWWjGdmeTyeJ6,2myy3lzRU87HPV9Gxs9ddQ
37i9dQZF1DWWjGdmeTyeJ6,6fDLQn0vtJR94V55oBANZC
37i9dQZF1DWWjGdmeTyeJ6,0HTdp0zc8NELjhPTbEp7PR
37i9dQZF1DWWjGdmeTyeJ6,6CkE4wWUVQ5Hdnbfm2pOmF
37i9dQZF1DWWjGdmeTyeJ6,6YuYrLiDFsUxyxZONZMVn0
37i9dQZF1DWWjGdmeTyeJ6,2R2hUKAdr1ubbKlXsTDkZl
37i9dQZF1DWWjGdmeTyeJ6,5SjNIwfjW1Yw0dURGbnrRL
37i9dQZF1DWWjGdmeTyeJ6,35u6OtruMBLZYAouGUzRSH
37i9dQZF1DWWjGdmeTyeJ6,6KVFcap7bKzswabvTXqzh4
37i9dQZF1DWWjGdmeTyeJ6,2LPOh5ANJBPtPpixYxG4qq
37i9dQZF1DWWjGdmeTyeJ6,6uKxavyhKpvneaIAx0ve4D
37i9dQZF1DWWjGdmeTyeJ6,2RBt0qVLDmXc5kpDluo3Ge
37i9dQZF1DWWjGdmeTyeJ6,2dYxccZjun7pzA4npfbKfb
37i9dQZF1DWWjGdmeTyeJ6,4vxPfYUYtMNn3pCIjsIMG0
37i9dQZF1DWWjGdmeTyeJ6,2kLb29wxlXPLYFVSfcg69D
37i9dQZF1DWWjGdmeTyeJ6,1BhHgNaZDdAe7len1ertf6
37i9dQZF1DWWjGdmeTyeJ6,4DWvLw48z22rqMEPrja8oU
37i9dQZF1DWWjGdmeTyeJ6,1ZakuNLOHhoPOlMjCNG5w9
37i9dQZF1DWWjGdmeTyeJ6,3ngJEdR8mdQicBQn3PnSsS
37i9dQZF1DWWjGdmeTyeJ6,01wyoN3xlUf3k3jWSewMoB
37i9dQZF1DWWjGdmeTyeJ6,6CBBTbmqTTSCzkSyfpUs8n
37i9dQZF1DWWjGdmeTyeJ6,5UC5kPr4qlY0PDrGwE31zA
37i9dQZF1DWWjGdmeTyeJ6,4O8LjiiXtsL0Jnb5xK4VxZ
37i9dQZF1DWWjGdmeTyeJ6,4Xoiihr9prpVellzwZ9I7P
37i9dQZF1DWWjGdmeTyeJ6,1PVHaSqI9vECfbd5ac6xAS
37i9dQZF1DWWjGdmeTyeJ6,4O3KRX2Ba4wmt6W7ijs4FA
37i9dQZF1DWWjGdmeTyeJ6,1mhvJmzZDow4Nfcb2tSG6k
37i9dQZF1DWWjGdmeTyeJ6,3QfI3tTncp1CjYLMypO2vA
37i9dQZF1DWWjGdmeTyeJ6,5jI8xKMCIEToPXuXdFCoFJ
37i9dQZF1DWWjGdmeTyeJ6,3GzSUcBazsbwPptbhP40dm
37i9dQZF1DWWjGdmeTyeJ6,0gZuzrQU7pLpcZf7JYqXiJ
37i9dQZF1DWWjGdmeTyeJ6,6bvuxfUFw9j9YNQRBwj1hi
37i9dQZF1DWWjGdmeTyeJ6,4NrYY6WUYdfSC8fZ2WVwAx
37i9dQZF1DWWjGdmeTyeJ6,6gvuOwQYMw0oz0oe6x7x9O
37i9dQZF1DWWjGdmeTyeJ6,3OcFT2KkQ8xWEPl1mFyvTZ
37i9dQZF1DWWjGdmeTyeJ6,11ElSTjEBTXx3fGjSGphi5
37i9dQZF1DWWjGdmeTyeJ6,3jKlmTVS7ym2axSs9OEcrT
37i9dQZF1DWWjGdmeTyeJ6,76DunIkk8KTicv9fX4iqTc
37i9dQZF1DWWjGdmeTyeJ6,1x5vRfDFUZX8DV8OxV8GHb
37i9dQZF1DWWjGdmeTyeJ6,2rg7VE22RwEfvFkLYJwfeY
37i9dQZF1DWWjGdmeTyeJ6,0hrNXTJiypltvxA7NtvDDD
37i9dQZF1DWWjGdmeTyeJ6,6X6Znaazqzi1EHrGKPz2n2
37i9dQZF1DWWjGdmeTyeJ6,2bgIuOQEKQZ6TDDiMMJbfX
37i9dQZF1DWWjGdmeTyeJ6,4oLTnJoOgNRDHDhqDQVSC9
37i9dQZF1DWWjGdmeTyeJ6,6vkucSVB3rWcLQA4Shijcr
37i9dQZF1DWWjGdmeTyeJ6,4ir8C4oqZRrLHlC6VQ3mTF
37i9dQZF1DWWjGdmeTyeJ6,0saSQscIxmbaT9i29o6ygY
37i9dQZF1DWWjGdmeTyeJ6,7KITXnfw8N8OKFJX1zZ7PD
37i9dQZF1DX0XUfTFmNBRM,4ApCig0GTR4IEp7Ijsyo3r
37i9dQZF1DX0XUfTFmNBRM,4nc6XiUze2Yh7wFueGOPv7
37i9dQZF1DX0XUfTFmNBRM,3yHyiUDJdz02FZ6jfUbsmY
37i9dQZF1DX0XUfTFmNBRM,3zSSCPpLZ5Oc8nelhhGjKz
37i9dQZF1DX0XUfTFmNBRM,4QyX8CBSjcoq4iMZuvifyF
37i9dQZF1DX0XUfTFmNBRM,66v97IvccVkHt40FIOq1LH
37i9dQZF1DX0XUfTFmNBRM,0YxKKO272sacGBJKjf6FnB
37i9dQZF1DX0XUfTFmNBRM,5PUXKVVVQ74C3gl5vKy9Li
37i9dQZF1DX0XUfTFmNBRM,0Qo75eJMY72e5IQJt0Dz9z
37i9dQZF1DX0XUfTFmNBRM,54PRUdMOYzglMGnsg9kIta
37i9dQZF1DX0XUfTFmNBRM,2yIW0esEphGtQgVV0w2SYU
37i9dQZF1DX0XUfTFmNBRM,73K33p4Vyz9koXGqmL5eFs
37i9dQZF1DX0XUfTFmNBRM,2ncqKdTj6dz7tWoTMMrAtq
37i9dQZF1DX0XUfTFmNBRM,0645eBDehHcqfiF15hscQV
37i9dQZF1DX0XUfTFmNBRM,3hbzNavvxCQBf28PwTUALJ
37i9dQZF1DX0XUfTFmNBRM,75DRLUnnltzSyuTJ7onxmW
37i9dQZF1DX0XUfTFmNBRM,2A4lcqTJZgUs1XrW6TSvt0
37i9dQZF1DX0XUfTFmNBRM,00ake6KfnzbZ2MaRLGqsyX
37i9dQZF1DX0XUfTFmNBRM,2ZD4aIEepqZsdxPxLSuUhm
37i9dQZF1DX0XUfTFmNBRM,6FAYpZ4jve8vpvTwUvjK6H
37i9dQZF1DX0XUfTFmNBRM,7Ky9U9iHjGBiRax3joCRDS
37i9dQZF1DX0XUfTFmNBRM,04ChFQZCKl2yRcvc0VR7qN
37i9dQZF1DX0XUfTFmNBRM,6MZyrnqwsLnrWY5Gk0AyXg
37i9dQZF1DX0XUfTFmNBRM,5inzjqKe05zP1eInEO8O1i
37i9dQZF1DX0XUfTFmNBRM,03hJuEQpEQERrHpjcXKWzJ
37i9dQZF1DX0XUfTFmNBRM,2vPrBucKCfKmafHhSfJ2pt
37i9dQZF1DX0XUfTFmNBRM,51DEaelXeJJ6cFFYbX8Hal
37i9dQZF1DX0XUfTFmNBRM,6t7PuZfHAtNGheWisgUq3I
37i9dQZF1DX0XUfTFmNBRM,1AmwIgy0WYLJJ5e24aCFTm
37i9dQZF1DX0XUfTFmNBRM,0czcoKJbJt08NqKrvSbbz7
37i9dQZF1DX0XUfTFmNBRM,2VsWBRKYkZH9FdD7AE6hRQ
37i9dQZF1DX0XUfTFmNBRM,3dpM3ijJz0vGzbkh5DcMXz
37i9dQZF1DX0XUfTFmNBRM,0CtZpaOhtzvLV3FfcsVpQo
37i9dQZF1DX0XUfTFmNBRM,3SiQsAVS3CDJQzWPRyX1XP
37i9dQZF1DX0XUfTFmNBRM,1pDvtLmrjzr5FSQItRLWxA
37i9dQZF1DX0XUfTFmNBRM,4svSc7BE6r9xMEk0GosnVu
37i9dQZF1DX0XUfTFmNBRM,5Z2GQ0eBKoatNYqbGayihP
37i9dQZF1DX0XUfTFmNBRM,4VsP4Dm8gsibRxB5I2hEkw
37i9dQZF1DX0XUfTFmNBRM,0UZLaEOSIc5kg0cc7eszqC
37i9dQZF1DX0XUfTFmNBRM,0zlGnseLGzRIBA0TJcb3Bo
37i9dQZF1DX0XUfTFmNBRM,6VBhH7CyP56BXjp8VsDFPZ
37i9dQZF1DX0XUfTFmNBRM,1ByVM9F8HeekD3aGXatRWd
37i9dQZF1DX0XUfTFmNBRM,6SnqFFm7Qp68efuVygvwtU
37i9dQZF1DX0XUfTFmNBRM,3wwLWFRLiReDf5AqgmAJwT
37i9dQZF1DX0XUfTFmNBRM,0snQrp1VaY5Pj1YIHRJpRJ
37i9dQZF1DX0XUfTFmNBRM,2rOnSn2piaqLAlYjtfUBlY
37i9dQZF1DX0XUfTFmNBRM,0DXfJ2iKRDEG7rPgssWFea
37i9dQZF1DX0XUfTFmNBRM,2NTVtNcpC0i1R7LVGaCZCF
37i9dQZF1DX0XUfTFmNBRM,080Snoc5O7MuKyu5TkH4TD
37i9dQZF1DX0XUfTFmNBRM,3eSm4iAkLsn3BeggfiQOH9
37i9dQZF1DWZNJXX2UeBij,2W6bC4K4e6y42HnYTA5yHO
37i9dQZF1DWZNJXX2UeBij,3GAVREeCqJTAJsGEkTd3CL
37i9dQZF1DWZNJXX2UeBij,7cWnks0lsRtpAi87COOiXK
37i9dQZF1DWZNJXX2UeBij,3APdIdF8H0jsxSuGOqXedS
37i9dQZF1DWZNJXX2UeBij,4BTPzhEsyW3blWcxcuhLM0
37i9dQZF1DWZNJXX2UeBij,0dLbrlAVPPjpPqnYfmJsWk
37i9dQZF1DWZNJXX2UeBij,1O5mTSQa0sCce9ghhDqIZl
37i9dQZF1DWZNJXX2UeBij,4NmWv6PEGEAmorN5UN9fRo
37i9dQZF1DWZNJXX2UeBij,5FXMRdJjKq1BIX4e8Eg9mK
37i9dQZF1DWZNJXX2UeBij,2UKK9UEbKlykbmLVP1zWIQ
37i9dQZF1DWZNJXX2UeBij,18YHbIhrleUkKKj2DvEp79
37i9dQZF1DWZNJXX2UeBij,0gRNu9dVzi5aC87AI1empZ
37i9dQZF1DWZNJXX2UeBij,6UEhNvccAc4OyEDJYB5brb
37i9dQZF1DWZNJXX2UeBij,4FeczSomVWVyU4FW7xDeAI
37i9dQZF1DWZNJXX2UeBij,3OAFzjwWionh8OfM4kgf2R
37i9dQZF1DWZNJXX2UeBij,17opN752ZQpNuoptelsNQ1
37i9dQZF1DWZNJXX2UeBij,251PNRmJU9KcUnFQAB5t6I
37i9dQZF1DWZNJXX2UeBij,3OLFqbd9ZeVjaUKTiaLsD6
37i9dQZF1DWZNJXX2UeBij,0IudGhdeJZwJ0Ps6ndtQDt
37i9dQZF1DWZNJXX2UeBij,1ax8ZuwRVkSdzzsIqyCNWQ
37i9dQZF1DWZNJXX2UeBij,0zQa7QXLpUZfrrsWbgDZll
37i9dQZF1DWZNJXX2UeBij,5iyNH1Dmxif1k4Nl1gMeuh
37i9dQZF1DWZNJXX2UeBij,4tBMbRwLJa5BjwJ6FrBlks
37i9dQZF1DWZNJXX2UeBij,1EjxJHY9A6LMOlvyZdwDly
37i9dQZF1DWZNJXX2UeBij,3Qpk2qHree1RTH5lZaKnEK
37i9dQZF1DWZNJXX2UeBij,0wnLMEOQlyW3Es1ag0HMVV
37i9dQZF1DWZNJXX2UeBij,16XEVyPh5NT31CAAqPbxQF
37i9dQZF1DWZNJXX2UeBij,2MvCNH9ua0CeOgUQfZf56z
37i9dQZF1DWZNJXX2UeBij,2tO0QPdCA0jgDBshTuYYkc
37i9dQZF1DWZNJXX2UeBij,4gqHEia13bp5EFWGitiKWx
37i9dQZF1DWZNJXX2UeBij,3i11e2jzUtO3jChiFl3v9x
37i9dQZF1DWZNJXX2UeBij,01npLGQTbZBIHVRcXJbLzR
37i9dQZF1DWZNJXX2UeBij,4vgCpNUUcpEIBifidhQOnR
37i9dQZF1DWZNJXX2UeBij,6cUaCs1lKfDOyFKMkBF8ch
37i9dQZF1DWZNJXX2UeBij,6oUK2k9OJ0WvmVveyauFB7
37i9dQZF1DWZNJXX2UeBij,6D2ZnEZ92wUFTr38YXTCL5
37i9dQZF1DWZNJXX2UeBij,2JDsi7S0UmtGoyVPTda0ao
37i9dQZF1DWZNJXX2UeBij,2GTasAZimpxzNgE7aXFifI
37i9dQZF1DWZNJXX2UeBij,43SKg10CCeaoyr7XSKfpTR
37i9dQZF1DWZNJXX2UeBij,1uzkWkIaWaxzHJgJ4Fy5rO
37i9dQZF1DWZNJXX2UeBij,0GVPRo9LEjxjT4C4o8BGot
37i9dQZF1DWZNJXX2UeBij,78KKYDENYsw6jYfuEZsqJl
37i9dQZF1DWZNJXX2UeBij,1vBmaijoCBoqmwc3zs5n3s
37i9dQZF1DWZNJXX2UeBij,5O4AGvOVFSs5ipu3iNOuoi
37i9dQZF1DWZNJXX2UeBij,5dS7HcRa9kER2qDba2iSOd
37i9dQZF1DWZNJXX2UeBij,38WTxU8ZWOM7FXf7E07qcG
37i9dQZF1DWZNJXX2UeBij,7Czm0vv2sYL5z4P51KY66e
37i9dQZF1DWZNJXX2UeBij,53DXM0bHfB7xkqJZYlksuh
37i9dQZF1DWZNJXX2UeBij,6NfXjIsNGXaRaDzdbdxY4m
37i9dQZF1DWZNJXX2UeBij,34wsgkPMRk3xIfHdwtezbf
37i9dQZF1DWZNJXX2UeBij,7emLx4rVwr0tPyjktu7A7U
37i9dQZF1DWZNJXX2UeBij,1Q9ME2mhsXqwtMszjrSl39
37i9dQZF1DWZNJXX2UeBij,2zT6KfK583MkcLIHLBO8De
37i9dQZF1DWZNJXX2UeBij,6kzj1MWS5tFsoOZUz4c8Hc
37i9dQZF1DWZNJXX2UeBij,02N5ZxOVugGQmKeIT0VXUx
37i9dQZF1DWZNJXX2UeBij,70r85LQ7Hcof30PJmksilm
37i9dQZF1DWZNJXX2UeBij,72HdutlIHBZJ7WT1xVAAZT
37i9dQZF1DWZNJXX2UeBij,6SDH3mp9sQCNJDfDDpQTTo
37i9dQZF1DWZNJXX2UeBij,5zKRKQwLVBT1WDJE7XJrnm
37i9dQZF1DWZNJXX2UeBij,2Bn2JQAGZzxe09jFzm1SqJ
37i9dQZF1DWZNJXX2UeBij,66wEHvHkE7iz73PEob4Y98
37i9dQZF1DWZNJXX2UeBij,42OnkdXwkKo5NzkdOmvE75
37i9dQZF1DWZNJXX2UeBij,2BOY77LvMTUOfLcnfFAJGl
37i9dQZF1DWZNJXX2UeBij,32DWojMZeZebVrfBkhAkKy
37i9dQZF1DWZNJXX2UeBij,6yrIAJ4yMPzq8Vsu1d3CXg
37i9dQZF1DWZNJXX2UeBij,3rsx3pDYM3a08O0Yu3Tq6V
37i9dQZF1DWZNJXX2UeBij,0MXIjsWCk0fo7qpYtR4CkS
37i9dQZF1DWZNJXX2UeBij,15BmNnMZTnPTawkFaJv1JR
37i9dQZF1DWZNJXX2UeBij,6vwGvxyf8MheLLPUjktu14
37i9dQZF1DWZNJXX2UeBij,2NKkRdLnT1aI0W8YqtTkOu
37i9dQZF1DWZNJXX2UeBij,4qOtDofZEAOYJ1Dq9GXgiM
37i9dQZF1DWZNJXX2UeBij,3pRF060IEOI5XSQAvONgSt
37i9dQZF1DWZNJXX2UeBij,6E6UhpF6vV6Cu1VFbrlVM2
37i9dQZF1DWZNJXX2UeBij,2RktkeigsgvhuRNQl0ioGS
37i9dQZF1DWZNJXX2UeBij,5sJjo5vHh3icLEntFQlt8w
37i9dQZF1DWZNJXX2UeBij,0V6i9XZ7NOfXQAygSaswnM
37i9dQZF1DWZNJXX2UeBij,67VHAZo2eUry9rcCeTGlhs
37i9dQZF1DWZNJXX2UeBij,1VGt7ZmY4iPfrabXjIMHo4
37i9dQZF1DWZNJXX2UeBij,0U9a0NZ8UQpnix2lBElFAx
37i9dQZF1DWZNJXX2UeBij,1CK7tnXhsr0Br5ZzbZdBzh
37i9dQZF1DWZNJXX2UeBij,1x7T34ntvHETqgVeYVK2Jm
37i9dQZF1DWZNJXX2UeBij,0BTq3SmPRKdTrJXHAtq2S5
37i9dQZF1DWZNJXX2UeBij,3GrTI5vAoDD3VE24VTBJAc
37i9dQZF1DWZNJXX2UeBij,5waPZcxgliOcZxCjswryDb
37i9dQZF1DWZNJXX2UeBij,5wIwMpBfTKoGmuOphrYrum
37i9dQZF1DWZNJXX2UeBij,4Tt6aPhCnVPA9tFrK7E0Mx
37i9dQZF1DWZNJXX2UeBij,11acrZ5o6QredI03M4sAsp
37i9dQZF1DWZNJXX2UeBij,3zEkqnyPzhHBuHCeoWLYjQ
37i9dQZF1DWZNJXX2UeBij,4bPF3oy4JsKK1UeMMn7Byf
37i9dQZF1DWZNJXX2UeBij,1ZpsPt7Ayxhd35QXHdLGEY
37i9dQZF1DWZNJXX2UeBij,3FrY3M9izNqPZRWuBAqDFM
37i9dQZF1DWZNJXX2UeBij,7LAwdDzta1roB9n4GuVpzG
37i9dQZF1DWZNJXX2UeBij,7Bw56mGeOVbBBWBSLg356s
37i9dQZF1DWZNJXX2UeBij,0Wk0LjauV4cIqnQC5Lbpa2
37i9dQZF1DWZNJXX2UeBij,1xaj4bm3GMthtoZHUfepl1
37i9dQZF1DWZNJXX2UeBij,28syjZyasVJ4J4oxBDOF1b
37i9dQZF1DWZNJXX2UeBij,3V3qab2wyi5LjGLjvbV4fD
37i9dQZF1DWZNJXX2UeBij,0D0lefqSgNAAoXfuQgsRUo
37i9dQZF1DWZNJXX2UeBij,7ybkDTSOcZu431OzpfcOJv
37i9dQZF1DWZNJXX2UeBij,0MqSxYSUh87DUym76Yrhs9
37i9dQZF1DXdpQPPZq3F7n,3yHyiUDJdz02FZ6jfUbsmY
37i9dQZF1DXdpQPPZq3F7n,5bQ6oDLqvw8tywmnSmwEyL
37i9dQZF1DXdpQPPZq3F7n,3oWxFNsXstcancCR1wODR4
37i9dQZF1DXdpQPPZq3F7n,6fScgF2Y63ScU73nYju0ny
37i9dQZF1DXdpQPPZq3F7n,54PRUdMOYzglMGnsg9kIta
37i9dQZF1DXdpQPPZq3F7n,0l6g8Z8mqGbGXFOjigYetD
37i9dQZF1DXdpQPPZq3F7n,00ake6KfnzbZ2MaRLGqsyX
37i9dQZF1DXdpQPPZq3F7n,4nc6XiUze2Yh7wFueGOPv7
37i9dQZF1DXdpQPPZq3F7n,72s1xrc7E27aATdCMbFMC6
37i9dQZF1DXdpQPPZq3F7n,0Qo75eJMY72e5IQJt0Dz9z
37i9dQZF1DXdpQPPZq3F7n,1stiSonuKkZqhI1o9nZ9MT
37i9dQZF1DXdpQPPZq3F7n,3trnNo4KeaUlFuUiV7iRCj
37i9dQZF1DXdpQPPZq3F7n,7Ky9U9iHjGBiRax3joCRDS
37i9dQZF1DXdpQPPZq3F7n,5QtEFRYavs5S3GHtFEq7A4
37i9dQZF1DXdpQPPZq3F7n,276OSoX4vez6UtPF8TGWav
37i9dQZF1DXdpQPPZq3F7n,1ZQFkNNTzooW4lThiC8pg2
37i9dQZF1DXdpQPPZq3F7n,75DRLUnnltzSyuTJ7onxmW
37i9dQZF1DXdpQPPZq3F7n,6FjbAnaPRPwiP3sciEYctO
37i9dQZF1DXdpQPPZq3F7n,32765xcLM1fd6wQIpkN9A0
37i9dQZF1DXdpQPPZq3F7n,5G7pZ8G8NFvS1MQ9H4L7dC
37i9dQZF1DXdpQPPZq3F7n,6mTvwBzWTGDOVeCNQEqtOE
37i9dQZF1DXdpQPPZq3F7n,72zHuDxFQTjbL51qJQSA7j
37i9dQZF1DXdpQPPZq3F7n,7sJQv0LRPgM2xCkkdWOlyj
37i9dQZF1DXdpQPPZq3F7n,0tpwqQhdfJXRcUDSNRjb9O
37i9dQZF1DXdpQPPZq3F7n,5T2ZZiBMDGh3TZDUbxg4rV
37i9dQZF1DXdpQPPZq3F7n,0RrR3wg4ezBVwm7lyeybir
37i9dQZF1DXdpQPPZq3F7n,7fyiYhn7STpHvT5g0lbncC
37i9dQZF1DXdpQPPZq3F7n,1scGwkyXNCl19wrBDhnAWg
37i9dQZF1DXdpQPPZq3F7n,2si0ZNx4yRbggTvrIom8A2
37i9dQZF1DXdpQPPZq3F7n,5w0Xpt2YHT2Y3z3e4UUJP7
37i9dQZF1DXdpQPPZq3F7n,57jOEZtoLQK4zF2x55bdkp
37i9dQZF1DXdpQPPZq3F7n,0czcoKJbJt08NqKrvSbbz7
37i9dQZF1DXdpQPPZq3F7n,6gwnKOvdBKkTU4CQ7KpIAu
37i9dQZF1DXdpQPPZq3F7n,6cUOiOY5qh2FpIQWIYAd2h
37i9dQZF1DXdpQPPZq3F7n,5MnAi6ZF7cE8pAz7wYr9Ta
37i9dQZF1DXdpQPPZq3F7n,14cceH4q4ME5ywqe2DbFGs
37i9dQZF1DXdpQPPZq3F7n,0ojpEubhy4JNeVftmVuiN7
37i9dQZF1DXdpQPPZq3F7n,4blqlsA1uf2d2I40E90EUC
37i9dQZF1DXdpQPPZq3F7n,4clW7QGXTCYU5F5dTyfFJ2
37i9dQZF1DXdpQPPZq3F7n,6VBhH7CyP56BXjp8VsDFPZ
37i9dQZF1DXdpQPPZq3F7n,3uL1IBFhg52VcQqOwAG01E
37i9dQZF1DXdpQPPZq3F7n,0qilTtN718ldWzIFc37zAl
37i9dQZF1DXdpQPPZq3F7n,0645eBDehHcqfiF15hscQV
37i9dQZF1DXdpQPPZq3F7n,3hkC9EHFZNQPXrtl8WPHnX
37i9dQZF1DXdpQPPZq3F7n,6TFESXMfJJWwccviaxGAMa
37i9dQZF1DXdpQPPZq3F7n,3OZLwCFeWOCFHTlIIrwzmO
37i9dQZF1DXdpQPPZq3F7n,3f0wz6zcA7XkQiGm0qNF5r
37i9dQZF1DXdpQPPZq3F7n,6XZWokIxs4leaSmXmU8b26
37i9dQZF1DXdpQPPZq3F7n,1UWacd8x8tPPwmrPB1MoBI
37i9dQZF1DXdpQPPZq3F7n,3oM90C4SZLYzVZJEZD5EQk
37i9dQZF1DXdpQPPZq3F7n,4uK0M8AI6gyFmyzUneQpbi
37i9dQZF1DXdpQPPZq3F7n,4brSaQIT3bnnE41D042fgL
37i9dQZF1DXdpQPPZq3F7n,6zCQF5tu7HVwU9shhKqiuF
37i9dQZF1DXdpQPPZq3F7n,6udC4b4jOSnHb9ItnXgKLR
37i9dQZF1DXdpQPPZq3F7n,2GXXZFUxYg2LvG8SR0byOE
37i9dQZF1DXdpQPPZq3F7n,3qrdLVOClRU4yPkcXZ7c5u
37i9dQZF1DXdpQPPZq3F7n,1OEmd2iXU8pWG7CrKNpGUg
37i9dQZF1DXdpQPPZq3F7n,4sNiMTu47WkUgW87qeUlWF
37i9dQZF1DXdpQPPZq3F7n,4bD9z9qa4qg9BhryvYWB7c
37i9dQZF1DXdpQPPZq3F7n,3dpM3ijJz0vGzbkh5DcMXz
37i9dQZF1DXdpQPPZq3F7n,75p6BrziB5urmwPCeXl3y7
37i9dQZF1DXdpQPPZq3F7n,0EPTGML5v37lIp97WBMMvD
37i9dQZF1DXdpQPPZq3F7n,5PM1dIibpTR57jlugvjNSM
37i9dQZF1DXdpQPPZq3F7n,4Y1Sd0fSSxHEMrWkd2x3EW
37i9dQZF1DXdpQPPZq3F7n,3aaiAWCet6sbfOfLSn3g7i
37i9dQZF1DXdpQPPZq3F7n,0hFUtSsV2itYEUTZGj6w5H
37i9dQZF1DXdpQPPZq3F7n,4KCbZcshgibfJSCAkg87Lv
37i9dQZF1DXdpQPPZq3F7n,3ySVdXje5nm31d7vL3jNV3
37i9dQZF1DXdpQPPZq3F7n,3yV2c3cYhkAwSsxAq6nRiv
37i9dQZF1DXdpQPPZq3F7n,03hJuEQpEQERrHpjcXKWzJ
37i9dQZF1DXdpQPPZq3F7n,7txLCGOXyDlDXTjtR1Sk4v
37i9dQZF1DXdpQPPZq3F7n,5WKOKmJjyVBfZOpdMvNY1V
37i9dQZF1DXdpQPPZq3F7n,13tg1zpSfWyFQbv09a9LPD
37i9dQZF1DXdpQPPZq3F7n,4yMbbysldl7E3WgiaugnwM
37i9dQZF1DXdpQPPZq3F7n,3xF15SqY32Mno3UUMBirhU
37i9dQZF1DX14CbVHtvHRB,5bQ6oDLqvw8tywmnSmwEyL
37i9dQZF1DX14CbVHtvHRB,4nc6XiUze2Yh7wFueGOPv7
37i9dQZF1DX14CbVHtvHRB,5PUXKVVVQ74C3gl5vKy9Li
37i9dQZF1DX14CbVHtvHRB,00ake6KfnzbZ2MaRLGqsyX
37i9dQZF1DX14CbVHtvHRB,2ncqKdTj6dz7tWoTMMrAtq
37i9dQZF1DX14CbVHtvHRB,1418IuVKQPTYqt7QNJ9RXN
37i9dQZF1DX14CbVHtvHRB,7Ky9U9iHjGBiRax3joCRDS
37i9dQZF1DX14CbVHtvHRB,3yHyiUDJdz02FZ6jfUbsmY
37i9dQZF1DX14CbVHtvHRB,5ZLkihi6DVsHwDL3B8ym1t
37i9dQZF1DX14CbVHtvHRB,0YQJoDL6f46J0n1rOVkpxJ
37i9dQZF1DX14CbVHtvHRB,3hbzNavvxCQBf28PwTUALJ
37i9dQZF1DX14CbVHtvHRB,3dpM3ijJz0vGzbkh5DcMXz
37i9dQZF1DX14CbVHtvHRB,6Z4rRhYZVQsYKmrxD40tru
37i9dQZF1DX14CbVHtvHRB,75DRLUnnltzSyuTJ7onxmW
37i9dQZF1DX14CbVHtvHRB,1nvvaiJbrhCkM3Az74N1pM
37i9dQZF1DX14CbVHtvHRB,24MMjyA3NLqCsDJfsn51eg
37i9dQZF1DX14CbVHtvHRB,4QyX8CBSjcoq4iMZuvifyF
37i9dQZF1DX14CbVHtvHRB,6t7PuZfHAtNGheWisgUq3I
37i9dQZF1DX14CbVHtvHRB,4VsP4Dm8gsibRxB5I2hEkw
37i9dQZF1DX14CbVHtvHRB,5QtEFRYavs5S3GHtFEq7A4
37i9dQZF1DX14CbVHtvHRB,51DEaelXeJJ6cFFYbX8Hal
37i9dQZF1DX14CbVHtvHRB,1stiSonuKkZqhI1o9nZ9MT
37i9dQZF1DX14CbVHtvHRB,2ZD4aIEepqZsdxPxLSuUhm
37i9dQZF1DX14CbVHtvHRB,6SnqFFm7Qp68efuVygvwtU
37i9dQZF1DX14CbVHtvHRB,018eOid2aGaPdxon7T6GsC
37i9dQZF1DX14CbVHtvHRB,0UZLaEOSIc5kg0cc7eszqC
37i9dQZF1DX14CbVHtvHRB,7eYU2hu3CUOeNy3QAsqt6t
37i9dQZF1DX14CbVHtvHRB,7wqNKCHh87HfIOGNgfyRCk
37i9dQZF1DX14CbVHtvHRB,2eTkxblLeqdTSsb2ivafDX
37i9dQZF1DX14CbVHtvHRB,0v77QqHiZUvfJkCk2rGRqw
37i9dQZF1DX14CbVHtvHRB,0tpwqQhdfJXRcUDSNRjb9O
37i9dQZF1DX14CbVHtvHRB,08Isz2ETWSBhvIl8UpKYsp
37i9dQZF1DX14CbVHtvHRB,1OEmd2iXU8pWG7CrKNpGUg
37i9dQZF1DX14CbVHtvHRB,6zAvNLJkdyRApUHnlJjKfO
37i9dQZF1DX14CbVHtvHRB,7sVEoPc5ZUUQerRkgTypUZ
37i9dQZF1DX14CbVHtvHRB,29m79w9xPMH4YCD6r8JSmV
37i9dQZF1DX14CbVHtvHRB,5w0Xpt2YHT2Y3z3e4UUJP7
37i9dQZF1DX14CbVHtvHRB,4uK0M8AI6gyFmyzUneQpbi
37i9dQZF1DX14CbVHtvHRB,57jOEZtoLQK4zF2x55bdkp
37i9dQZF1DX14CbVHtvHRB,64r6z0P3RnhpTGdkA7p5Os
37i9dQZF1DX14CbVHtvHRB,6cUOiOY5qh2FpIQWIYAd2h
37i9dQZF1DX14CbVHtvHRB,1iZLpuGMr4tn1F5bZu32Kb
37i9dQZF1DX14CbVHtvHRB,3hkC9EHFZNQPXrtl8WPHnX
37i9dQZF1DX14CbVHtvHRB,3jf5303mzzJ96O8xFTcEn4
37i9dQZF1DX14CbVHtvHRB,3oWxFNsXstcancCR1wODR4
37i9dQZF1DX14CbVHtvHRB,1r6sFC5J0p9r3jcfIoSGDM
37i9dQZF1DX14CbVHtvHRB,6udC4b4jOSnHb9ItnXgKLR
37i9dQZF1DX14CbVHtvHRB,0WdbnNKO0Jt4BZACSDQh44
37i9dQZF1DX14CbVHtvHRB,1la0ICQBLfO0lyqsWNwG7l
37i9dQZF1DX14CbVHtvHRB,5O932cZmzOZGOGZz9RHx20
37i9dQZF1DX14CbVHtvHRB,3H43T5swYywvcdCBFiDgW6
37i9dQZF1DX14CbVHtvHRB,2tjWCe2W7sgvS3C8NHcdtI
37i9dQZF1DX14CbVHtvHRB,5X5db3FrBOHbibrFKA02MQ
37i9dQZF1DX14CbVHtvHRB,79hQvdTHNBkq2fp2ZrM8b2
37i9dQZF1DX14CbVHtvHRB,6mTvwBzWTGDOVeCNQEqtOE
37i9dQZF1DX14CbVHtvHRB,0hFUtSsV2itYEUTZGj6w5H
37i9dQZF1DX14CbVHtvHRB,5MnAi6ZF7cE8pAz7wYr9Ta
37i9dQZF1DX14CbVHtvHRB,1UWacd8x8tPPwmrPB1MoBI
37i9dQZF1DX14CbVHtvHRB,6TFESXMfJJWwccviaxGAMa
37i9dQZF1DX14CbVHtvHRB,1O3WfEwaSpsgZ6tw8jNT8I
37i9dQZF1DX14CbVHtvHRB,7tl1En7BCSnD6Qb5OGlEIE
37i9dQZF1DX14CbVHtvHRB,7fyiYhn7STpHvT5g0lbncC
37i9dQZF1DX14CbVHtvHRB,4clW7QGXTCYU5F5dTyfFJ2
37i9dQZF1DX14CbVHtvHRB,1feANd8EfcDP5UqSvbheM3
37i9dQZF1DX14CbVHtvHRB,7sJQv0LRPgM2xCkkdWOlyj
37i9dQZF1DX14CbVHtvHRB,4Y1Sd0fSSxHEMrWkd2x3EW
37i9dQZF1DX14CbVHtvHRB,4NmWv6PEGEAmorN5UN9fRo
37i9dQZF1DX14CbVHtvHRB,7eQl3Yqv35ioqUfveKHitE
37i9dQZF1DX14CbVHtvHRB,0gPgdRfB4jdGrlyXS0Vx78
37i9dQZF1DX14CbVHtvHRB,6fScgF2Y63ScU73nYju0ny
37i9dQZF1DX14CbVHtvHRB,6f3ANRNQ8nCiPZ6VqXqq93
37i9dQZF1DX14CbVHtvHRB,5T2ZZiBMDGh3TZDUbxg4rV
37i9dQZF1DX14CbVHtvHRB,3uL1IBFhg52VcQqOwAG01E
37i9dQZF1DX14CbVHtvHRB,6eO9LvEiMqh1CAsa6y3wXP
37i9dQZF1DX14CbVHtvHRB,3xF15SqY32Mno3UUMBirhU
37i9dQZF1DWXtlo6ENS92N,4QyX8CBSjcoq4iMZuvifyF
37i9dQZF1DWXtlo6ENS92N,3xMHXmedL5Rvfxmiar9Ryv
37i9dQZF1DWXtlo6ENS92N,00ake6KfnzbZ2MaRLGqsyX
37i9dQZF1DWXtlo6ENS92N,75DRLUnnltzSyuTJ7onxmW
37i9dQZF1DWXtlo6ENS92N,3yHyiUDJdz02FZ6jfUbsmY
37i9dQZF1DWXtlo6ENS92N,0IGXY47K2ha3AHfX57wY1O
37i9dQZF1DWXtlo6ENS92N,3x9vShiP4hDhE94zvObYNS
37i9dQZF1DWXtlo6ENS92N,6VBhH7CyP56BXjp8VsDFPZ
37i9dQZF1DWXtlo6ENS92N,2vPrBucKCfKmafHhSfJ2pt
37i9dQZF1DWXtlo6ENS92N,66v97IvccVkHt40FIOq1LH
37i9dQZF1DWXtlo6ENS92N,6FAYpZ4jve8vpvTwUvjK6H
37i9dQZF1DWXtlo6ENS92N,6mdLX10dvBb7rGYbMXpKzz
37i9dQZF1DWXtlo6ENS92N,48pyUxg9RYuwie5M9R7qRn
37i9dQZF1DWXtlo6ENS92N,0Bz7dfqPY4JOGZO3O1j8Wh
37i9dQZF1DWXtlo6ENS92N,0WdbnNKO0Jt4BZACSDQh44
37i9dQZF1DWXtlo6ENS92N,2ZD4aIEepqZsdxPxLSuUhm
37i9dQZF1DWXtlo6ENS92N,7CY0CmCpSglfUKCBOOiRfw
37i9dQZF1DWXtlo6ENS92N,0CtZpaOhtzvLV3FfcsVpQo
37i9dQZF1DWXtlo6ENS92N,080Snoc5O7MuKyu5TkH4TD
37i9dQZF1DWXtlo6ENS92N,5bQ6oDLqvw8tywmnSmwEyL
37i9dQZF1DWXtlo6ENS92N,2tjWCe2W7sgvS3C8NHcdtI
37i9dQZF1DWXtlo6ENS92N,4bD9z9qa4qg9BhryvYWB7c
37i9dQZF1DWXtlo6ENS92N,4uK0M8AI6gyFmyzUneQpbi
37i9dQZF1DWXtlo6ENS92N,3oWxFNsXstcancCR1wODR4
37i9dQZF1DWXtlo6ENS92N,1stiSonuKkZqhI1o9nZ9MT
37i9dQZF1DWXtlo6ENS92N,0czcoKJbJt08NqKrvSbbz7
37i9dQZF1DWXtlo6ENS92N,0zlGnseLGzRIBA0TJcb3Bo
37i9dQZF1DWXtlo6ENS92N,2PEo8JQ48mfEv8a2HLqDvt
37i9dQZF1DWXtlo6ENS92N,2cbaCL38j8eUXBQjvLawET
37i9dQZF1DWXtlo6ENS92N,3KeMulXbLDJBQdY5PZbGEh
37i9dQZF1DWXtlo6ENS92N,5zfRl79umXWvKoA7p4KEPa
37i9dQZF1DWXtlo6ENS92N,5Nd4DTIDWYkkZfi1NpgvJk
37i9dQZF1DWXtlo6ENS92N,3ZjMdVOWxQ53FKrmkgCv95
37i9dQZF1DWXtlo6ENS92N,6XjJXPP3UiGtAQpYkD01c0
37i9dQZF1DWXtlo6ENS92N,5yYgGkyYJmmSwRp3caFplJ
37i9dQZF1DWXtlo6ENS92N,5s9Kd33ExIhpe1JJSj5zLZ
37i9dQZF1DWXtlo6ENS92N,2QY6SJXVnBFaqxOZhC1Fuu
37i9dQZF1DWXtlo6ENS92N,3oM90C4SZLYzVZJEZD5EQk
37i9dQZF1DWXtlo6ENS92N,7zn5ecZSwGsLTi1wgxyVzd
37i9dQZF1DWXtlo6ENS92N,5MnAi6ZF7cE8pAz7wYr9Ta
37i9dQZF1DWXtlo6ENS92N,72zHuDxFQTjbL51qJQSA7j
37i9dQZF1DWXtlo6ENS92N,1UWacd8x8tPPwmrPB1MoBI
37i9dQZF1DWXtlo6ENS92N,5w0Xpt2YHT2Y3z3e4UUJP7
37i9dQZF1DWXtlo6ENS92N,0H2iJVgorRR0ZFgRqGUjUM
37i9dQZF1DWXtlo6ENS92N,7Ky9U9iHjGBiRax3joCRDS
37i9dQZF1DWXtlo6ENS92N,1smFN2CLqGROu0J0UyvDfL
37i9dQZF1DWXtlo6ENS92N,1OEmd2iXU8pWG7CrKNpGUg
37i9dQZF1DWXtlo6ENS92N,5QtEFRYavs5S3GHtFEq7A4
37i9dQZF1DWXtlo6ENS92N,5PM1dIibpTR57jlugvjNSM
37i9dQZF1DWXtlo6ENS92N,3hkC9EHFZNQPXrtl8WPHnX
37i9dQZF1DXa6iPZDThhLh,4DjcBr310LtxxR6wq4sJRv
37i9dQZF1DXa6iPZDThhLh,47tnvWm6X4SopmU3KCGl22
37i9dQZF1DXa6iPZDThhLh,10nnCsc6unlme3bImINZV3
37i9dQZF1DXa6iPZDThhLh,1qyib2Wb5YTbNzZi7QMhEY
37i9dQZF1DXa6iPZDThhLh,0WBClBemYPJR44H6uIn0kp
37i9dQZF1DXa6iPZDThhLh,5NbR7c5zrOZN3Dje3JVJEN
37i9dQZF1DXa6iPZDThhLh,6NmGIj2leVHRKkHEGyechJ
37i9dQZF1DXa6iPZDThhLh,6f3C6rJo7zvmfr1h5SRvxg
37i9dQZF1DXa6iPZDThhLh,3YFXNTmbJjQ1b5MDDZ7E0h
37i9dQZF1DXa6iPZDThhLh,0dUbhFM18NyBDDpiktEQLk
37i9dQZF1DXa6iPZDThhLh,4RixtPhUXlci9ad4qIMj23
37i9dQZF1DXa6iPZDThhLh,64bX3WWzjUomaRfPcQvCNn
37i9dQZF1DXa6iPZDThhLh,6LVYBlYJ4pezcfk7V8Tttk
37i9dQZF1DXa6iPZDThhLh,4eSptlk4boHEHiFKHnsyoF
37i9dQZF1DXa6iPZDThhLh,6O8ZM3IKYcSBzpnuxpCAQr
37i9dQZF1DXa6iPZDThhLh,4P4NsWdqLziZpEteU1uFCI
37i9dQZF1DXa6iPZDThhLh,2oBSn18iPMom9cY5dDVwQZ
37i9dQZF1DXa6iPZDThhLh,0VPVC9SAd50YMPhHfCz7F6
37i9dQZF1DXa6iPZDThhLh,7n278iHoD21kun2OymTABC
37i9dQZF1DXa6iPZDThhLh,2Kja7rWFWrg3GcMQS3hyFN
37i9dQZF1DXa6iPZDThhLh,2zjKxPbUjzhLFxiNN3yU8s
37i9dQZF1DXa6iPZDThhLh,3xGwSN1dDdpN2s8oP8DRrC
37i9dQZF1DXa6iPZDThhLh,0l93A9IUolKUtMtjLL4dFY
37i9dQZF1DXa6iPZDThhLh,6ttvgWnBAt72SIojbcnlKn
37i9dQZF1DXa6iPZDThhLh,1ZcluxOLEoQEZHp8qsHVe2
37i9dQZF1DXa6iPZDThhLh,5JWuNK80jSLK1jQyFInWqG
37i9dQZF1DXa6iPZDThhLh,549FZ0BWEyIGVbo9FUOqPl
37i9dQZF1DXa6iPZDThhLh,1acxzJSLNUISeYPGa5IOZ3
37i9dQZF1DXa6iPZDThhLh,6Gk3mU3np8miLUtZjoIVCu
37i9dQZF1DXa6iPZDThhLh,0qukxG69SSFA0n1qyR6szS
37i9dQZF1DXa6iPZDThhLh,1397xY0RVupbWpMaFhyLf8
37i9dQZF1DXa6iPZDThhLh,2U2uteVH6UeNen0OFGwQpq
37i9dQZF1DXa6iPZDThhLh,7GEVFIpWpZJwGoMvVpow5a
37i9dQZF1DXa6iPZDThhLh,5wVFVfFW94PutE1co7LSPb
37i9dQZF1DXa6iPZDThhLh,54tzSEMiygXoQ6yTqUUb8L
37i9dQZF1DXa6iPZDThhLh,339XumxyHEbiKREnsOZXVN
37i9dQZF1DXa6iPZDThhLh,56Ne0akGQ4GHPxS9MOL57G
37i9dQZF1DXa6iPZDThhLh,1LZzUWParmtfuuydjmQVbS
37i9dQZF1DXa6iPZDThhLh,7rtZvHRXORd1kbfMluhPNM
37i9dQZF1DXa6iPZDThhLh,4V7Q4YDVwPbC2hnO72MxQ7
37i9dQZF1DXa6iPZDThhLh,6swiB2EqcDcBS2lojpZlaA
37i9dQZF1DXa6iPZDThhLh,2C9xyjui2sxterNkFHEWuK
37i9dQZF1DXa6iPZDThhLh,6yfmxLTTF1O9DbTKb4AIJU
37i9dQZF1DXa6iPZDThhLh,1VrheK4CdhX74nrOSNIFtH
37i9dQZF1DXa6iPZDThhLh,43pAU732RtAP2nsovU6n1K
37i9dQZF1DXa6iPZDThhLh,2Ox8j2Z4AiEv9ASuwWDInJ
37i9dQZF1DXa6iPZDThhLh,2BoqN74f4uvI4WGi3AJrOP
37i9dQZF1DXa6iPZDThhLh,1GoRZRnNkaLGGQn0gqKP6H
37i9dQZF1DXa6iPZDThhLh,6RpQ77faxeSNUt5uOfCH4N
37i9dQZF1DXa6iPZDThhLh,6YPLPVo9jAj7SuA7vAioug
37i9dQZF1DXa6iPZDThhLh,2FcewZVHcoBl0jDmsKdEC2
37i9dQZF1DXa6iPZDThhLh,5uha4XwzxCEl3SaLC9TOJT
37i9dQZF1DXa6iPZDThhLh,40kGCGOZCDRkDCy3PJ4QV6
37i9dQZF1DXa6iPZDThhLh,6FZrX6epdqcaQHx9LFRcuf
37i9dQZF1DXa6iPZDThhLh,34y1d4i8uru6aQSWd8ewPT
37i9dQZF1DXa6iPZDThhLh,0MOJU1KKbcDTgkdUtLs8G3
37i9dQZF1DXa6iPZDThhLh,7qzsNpJvOR8attSueN3zqq
37i9dQZF1DXa6iPZDThhLh,5fq7CGNYZKJm38HbLwMg9h
37i9dQZF1DXa6iPZDThhLh,3CVsfCGtVJGLH9UQMKmBMC
37i9dQZF1DXa6iPZDThhLh,1mGHdPZ5MBo1oR0xmPrqkk
37i9dQZF1DXa6iPZDThhLh,4n5vaqluWQjCrKr4JLZIRh
37i9dQZF1DXa6iPZDThhLh,5mhuZ0inchJ2JimeGZInfB
37i9dQZF1DXa6iPZDThhLh,4OvdhTOjq75CvPO6O7AWRw
37i9dQZF1DXa6iPZDThhLh,3qTlcDR5n5NCExaJMun20V
37i9dQZF1DXa6iPZDThhLh,3UIPvWCcwthECWnWcyMQdc
37i9dQZF1DXa6iPZDThhLh,3UwvL87QcqZD2A5Ipodhzk
37i9dQZF1DXa6iPZDThhLh,0ens9kCzGYADuDTPKFXkGy
37i9dQZF1DXa6iPZDThhLh,1hhmxIIa43oIMYRG0DLhZW
37i9dQZF1DXa6iPZDThhLh,1o8MqUvBiDIXxof2TuuPSX
37i9dQZF1DXa6iPZDThhLh,5KikkBMpRSMB4PnroLf5hZ
37i9dQZF1DXa6iPZDThhLh,1e5W7XCQSyGlq3Lg0l4HBV
37i9dQZF1DXa6iPZDThhLh,56YqfdG8e9xMLUTzXx913z
37i9dQZF1DXa6iPZDThhLh,3qbSubaQIBgUM13S7kzWOd
37i9dQZF1DXa6iPZDThhLh,6Kb2jbGMqs3zL7cgv9dket
37i9dQZF1DXa6iPZDThhLh,5cy8huWJdTRHKOU0g3ijDU
37i9dQZF1DXa6iPZDThhLh,0LT0APsnMlmcjpt2ZltCm2
37i9dQZF1DXa6iPZDThhLh,2e3Uzf1zknehFO4XyWyLBJ
37i9dQZF1DXa6iPZDThhLh,5RV8PjHniE101mZtug4Kpu
37i9dQZF1DXa6iPZDThhLh,2FasYCxo2yAPDnIkoRp7SS
37i9dQZF1DXa6iPZDThhLh,36DJdwvrqueZmeEKFrJC5m
37i9dQZF1DXa6iPZDThhLh,3NcmEKBOjD1DSuG6gA0CJi
37i9dQZF1DXa6iPZDThhLh,7HjTSwnmkm6Q93H6MlTLB5
37i9dQZF1DXa6iPZDThhLh,7xHpL7DdHMKPvWS7VTBLDL
37i9dQZF1DXa6iPZDThhLh,4fudUzDHbqdSA4ZUSuvOgc
37i9dQZF1DXa6iPZDThhLh,7hVpRzuzlOGZVRTNpfHAze
37i9dQZF1DXa6iPZDThhLh,6xWdJAtQtux3Ze8pb7hnS4
37i9dQZF1DXa6iPZDThhLh,7AvL8WmC37aQgivNPrSNGi
37i9dQZF1DXa6iPZDThhLh,3K5GgWtOwiBBLL4h3guKIE
37i9dQZF1DXa6iPZDThhLh,2type1Ws7CfGKDcP2Y1sZP
37i9dQZF1DXa6iPZDThhLh,0hHP9GyDw9AGoqUSRTa5OG
37i9dQZF1DXa6iPZDThhLh,3jCXRAEQq0J4ai2JOmypRq
37i9dQZF1DXa6iPZDThhLh,2jifp7USyZuu2s2tsasYdB
37i9dQZF1DXa6iPZDThhLh,4INYfQBWQRjBc9MLNRHAiv
37i9dQZF1DXa6iPZDThhLh,1HMOdEubJAoxeUiAvy2HUr
37i9dQZF1DXa6iPZDThhLh,5EdPQ6eGCPF86wT7dpRctw
37i9dQZF1DXa6iPZDThhLh,1mAO7s2X1VfYwNDWIcvdhS
37i9dQZF1DXa6iPZDThhLh,4gHXgQLryJjdnXCfXqlXsW
37i9dQZF1DXa6iPZDThhLh,0pMfTUMZl3iJXC5jlGzetf
37i9dQZF1DXa6iPZDThhLh,0OWBArJlYy3DcAwxoeRgga
37i9dQZF1DXa6iPZDThhLh,4kvCatom3BhJkPHHVgZQo5
37i9dQZF1DX8xfQRRX1PDm,4tjLYTXFqZhkUDga4bQ0yl
37i9dQZF1DX8xfQRRX1PDm,7CY0CmCpSglfUKCBOOiRfw
37i9dQZF1DX8xfQRRX1PDm,6mdLX10dvBb7rGYbMXpKzz
37i9dQZF1DX8xfQRRX1PDm,4QyX8CBSjcoq4iMZuvifyF
37i9dQZF1DX8xfQRRX1PDm,1OACsTiYokI4NUgnMonSmt
37i9dQZF1DX8xfQRRX1PDm,6FAYpZ4jve8vpvTwUvjK6H
37i9dQZF1DX8xfQRRX1PDm,6cI3I2flP8qvnLLgvrXWg0
37i9dQZF1DX8xfQRRX1PDm,5zfRl79umXWvKoA7p4KEPa
37i9dQZF1DX8xfQRRX1PDm,3InIAYQyi22mfV4g1T9Jkc
37i9dQZF1DX8xfQRRX1PDm,66v97IvccVkHt40FIOq1LH
37i9dQZF1DX8xfQRRX1PDm,3W1XPf7mvuQcWQB7U7MbTM
37i9dQZF1DX8xfQRRX1PDm,5I2wbDvSI98HLVB42YO9sU
37i9dQZF1DX8xfQRRX1PDm,3BhjbaGeI7E0CiIjctfdD3
37i9dQZF1DX8xfQRRX1PDm,5x72Q1SyiDHJ4IF2mRzfkg
37i9dQZF1DX8xfQRRX1PDm,6XjJXPP3UiGtAQpYkD01c0
37i9dQZF1DX8xfQRRX1PDm,4AoQVhME8Ko6LNm4lV2wwQ
37i9dQZF1DX8xfQRRX1PDm,5cjVsWqIkBQC7acTRhL0RO
37i9dQZF1DX8xfQRRX1PDm,5L9gWUx3Ystgb42kn3AF0i
37i9dQZF1DX8xfQRRX1PDm,5SVpD60u9vjoQ2OeoKsTkb
37i9dQZF1DX8xfQRRX1PDm,2PEo8JQ48mfEv8a2HLqDvt
37i9dQZF1DX8xfQRRX1PDm,1K8zYNuDywMknSJuNGoWy0
37i9dQZF1DX8xfQRRX1PDm,56lHtVpvNxFSKewJKpeYc3
37i9dQZF1DX8xfQRRX1PDm,28veUNu4veN0LOBVa0nFw8
37i9dQZF1DX8xfQRRX1PDm,3KeMulXbLDJBQdY5PZbGEh
37i9dQZF1DX8xfQRRX1PDm,1bAa1OyefOhXdqnL8dlxFt
37i9dQZF1DX8xfQRRX1PDm,4dJWik0ax9bRFXl0HqbFjT
37i9dQZF1DX8xfQRRX1PDm,0biCSADTAblvLTLtJz4pXO
37i9dQZF1DX8xfQRRX1PDm,3ZjMdVOWxQ53FKrmkgCv95
37i9dQZF1DX8xfQRRX1PDm,352wEkChkiClswqwDoM0nj
37i9dQZF1DX8xfQRRX1PDm,6oDHAjaJJjwwgoAuMIeY9K
37i9dQZF1DX8xfQRRX1PDm,6G699QfN1BWYWXfiblH51F
37i9dQZF1DX8xfQRRX1PDm,54SQet8YMttOgTqDNGcGpe
37i9dQZF1DX8xfQRRX1PDm,6zojSFiUNySBy3Kd1JVCXb
37i9dQZF1DX8xfQRRX1PDm,2q12vH6qEvg8y1XBCgTbHZ
37i9dQZF1DX8xfQRRX1PDm,3T0KcbL448JvlX81gazhAd
37i9dQZF1DX8xfQRRX1PDm,5c3mUtkS8FvumKaVkcpB0H
37i9dQZF1DX8xfQRRX1PDm,5kR5RZceCCPX3ks0rQP6kh
37i9dQZF1DX8xfQRRX1PDm,2UE5pVmMGjfD5XUQTpYpD6
37i9dQZF1DX8xfQRRX1PDm,1iF6lrJludTZmfgMgXPqSe
37i9dQZF1DX8xfQRRX1PDm,7E0A86Yhc0ZyOl6aAPE5wN
37i9dQZF1DX8xfQRRX1PDm,1NxlktIRgiAPJ8U06v9veI
37i9dQZF1DX8xfQRRX1PDm,6yCjolEJwcC8zoZaKlXbMD
37i9dQZF1DX8xfQRRX1PDm,1qtl3vB0uqciZ94g3S6TO7
37i9dQZF1DX8xfQRRX1PDm,0fGImK9uWSruIRhKGyjUC0
37i9dQZF1DX8xfQRRX1PDm,0CtZpaOhtzvLV3FfcsVpQo
37i9dQZF1DX8xfQRRX1PDm,7BjQd0sfYsMGVrTpRdBNTT
37i9dQZF1DX8xfQRRX1PDm,6VNBEaG5sidkK3lwq7Ws0I
37i9dQZF1DX8xfQRRX1PDm,0RNMEHUopgrDVk7XE4xRdp
37i9dQZF1DX8xfQRRX1PDm,2AjGLmuZK1fu21n1IpB9RU
37i9dQZF1DX8xfQRRX1PDm,2J6eJ4OtqTiKSQr3pIwxmD
37i9dQZF1DX8xfQRRX1PDm,2cbaCL38j8eUXBQjvLawET
37i9dQZF1DX8xfQRRX1PDm,3F0I9AkbRwz12yz7Hxn0bF
37i9dQZF1DX8xfQRRX1PDm,5s9Kd33ExIhpe1JJSj5zLZ
37i9dQZF1DX8xfQRRX1PDm,09vHbIezp9NP31CZWysk3v
37i9dQZF1DX8xfQRRX1PDm,2xbvLQBFW7E9232BwMBljb
37i9dQZF1DX8xfQRRX1PDm,1ZmaJl1kHdTxbzji59LD2c
37i9dQZF1DX8xfQRRX1PDm,6K9H6SxVbG46qvlqmdNTIX
37i9dQZF1DX8xfQRRX1PDm,6EAMI8iHwC3TCSBGVKoWng
37i9dQZF1DX8xfQRRX1PDm,068HSvCf5MbQfhV4qqaelg
37i9dQZF1DX8xfQRRX1PDm,06wmFmUzR15wlWpjTYwVTr
37i9dQZF1DX8xfQRRX1PDm,4oU3ELywkFbHbHpqqBZYig
37i9dQZF1DX8xfQRRX1PDm,6IYS7wNZxRBvLpwMZDbcdP
37i9dQZF1DX8xfQRRX1PDm,5sqPE9h98DkO5ms20NUiUg
37i9dQZF1DX8xfQRRX1PDm,48pyUxg9RYuwie5M9R7qRn
37i9dQZF1DX8xfQRRX1PDm,0otoJd1qgMy43XGQZUZlAe
37i9dQZF1DX8xfQRRX1PDm,6TtNVOFQUbQDUbTQwdILH1
37i9dQZF1DX8xfQRRX1PDm,0QT9B8Yfrz0vi66oXMrKJg
37i9dQZF1DX8xfQRRX1PDm,5kg1GacbhgQfLcbgOBRO9c
37i9dQZF1DX8xfQRRX1PDm,5inzjqKe05zP1eInEO8O1i
37i9dQZF1DX8xfQRRX1PDm,7zXcLSiKnMtmrmRQ0DieS9
37i9dQZF1DX8xfQRRX1PDm,4LGqTuFzQb97s1tmC5BxiD
37i9dQZF1DX8xfQRRX1PDm,2ZD4aIEepqZsdxPxLSuUhm
37i9dQZF1DX8xfQRRX1PDm,7fllsOe1cV2pTBzdbkgrX7
37i9dQZF1DX8xfQRRX1PDm,1t39FBb0zsKv5krZaqZKCB
37i9dQZF1DX8xfQRRX1PDm,6ZWcxZH3Kp1eUX4imF1Oc6
37i9dQZF1DXd8cOUiye1o2,72Z2D7jpKevicRkyL45mbw
37i9dQZF1DXd8cOUiye1o2,1YKPRycM3GzKbZUYDgLrmn
37i9dQZF1DXd8cOUiye1o2,21IwQe2rq1yPhtbXIvPMwg
37i9dQZF1DXd8cOUiye1o2,25qNCxhu9VzFgcCPawszwh
37i9dQZF1DXd8cOUiye1o2,0YxKKO272sacGBJKjf6FnB
37i9dQZF1DXd8cOUiye1o2,0tK55lMWGt3zaRErsPpeBd
37i9dQZF1DXd8cOUiye1o2,6yAKjlgfcSkfrIjTs7Fpva
37i9dQZF1DXd8cOUiye1o2,6y7Afj2vhicwV5NZsay7e3
37i9dQZF1DXd8cOUiye1o2,7yDHHVKLbvDmVw1XXhDDIO
37i9dQZF1DXd8cOUiye1o2,0zI3PuPjtR5KpgUBEaImvk
37i9dQZF1DXd8cOUiye1o2,2yC2PUCXcKRGuhFGqXO0da
37i9dQZF1DXd8cOUiye1o2,0mIpoTx5eetKSdr6YEbu3H
37i9dQZF1DXd8cOUiye1o2,2OfjwjT2pRe9Yoee7jJECa
37i9dQZF1DXd8cOUiye1o2,0zQT8LBspIhHQ1RUFzTe5D
37i9dQZF1DXd8cOUiye1o2,0TL0LFcwIBF5eX7arDIKxY
37i9dQZF1DXd8cOUiye1o2,2HJiciviYnFJXF9bM80AwF
37i9dQZF1DXd8cOUiye1o2,1xPvMc7UCIUxQ6GP2DIyng
37i9dQZF1DXd8cOUiye1o2,6oEfERRKaPlIHpK8rFODjo
37i9dQZF1DXd8cOUiye1o2,4TgoecBdMc0XQoma27aqOu
37i9dQZF1DXd8cOUiye1o2,0L0EHuJRqIbEnEc1hPSmhg
37i9dQZF1DXd8cOUiye1o2,1DGpaO6ZfA3zgV2zhLdxrn
37i9dQZF1DXd8cOUiye1o2,3w8WLD3WZv1PYaYOiNG1Xd
37i9dQZF1DXd8cOUiye1o2,77Mo1my3vQVqu4wRmVIeCa
37i9dQZF1DXd8cOUiye1o2,4jg4emrgDIwuJwAyGQSEge
37i9dQZF1DXd8cOUiye1o2,3yHyiUDJdz02FZ6jfUbsmY
37i9dQZF1DXd8cOUiye1o2,25jISSHAd4q2CVTsO7EHJM
37i9dQZF1DXd8cOUiye1o2,11rPkthvs7JTnptUtX8aJd
37i9dQZF1DXd8cOUiye1o2,7dfB2EGfgTmwMGWJMSEBjs
37i9dQZF1DXd8cOUiye1o2,2xOmEPAN79q9s2rfp50vIz
37i9dQZF1DXd8cOUiye1o2,54PRUdMOYzglMGnsg9kIta
37i9dQZF1DXd8cOUiye1o2,5TjKs0yLd17sef2dpXB6sZ
37i9dQZF1DXd8cOUiye1o2,4lYXywil8gd4a5shYzcJjP
37i9dQZF1DXd8cOUiye1o2,4IALofMkaEpltIkhpvo0sz
37i9dQZF1DXd8cOUiye1o2,54B69rtSdOPSd90bjVC5tb
37i9dQZF1DXd8cOUiye1o2,4m2af7wCfOyYLBQZ3l7xLs
37i9dQZF1DXd8cOUiye1o2,0BKPNI3tRUV7bAoFVJQ0Dv
37i9dQZF1DXd8cOUiye1o2,760LXdTukTZjtD6rZ4p2n8
37i9dQZF1DXd8cOUiye1o2,1nQa3wYf6mLDKm0kbc4SFt
37i9dQZF1DXd8cOUiye1o2,0IaEyE64bL7LSA7C4skjgV
37i9dQZF1DXd8cOUiye1o2,3R6o4S3XtnX9lNi0haHOlK
37i9dQZF1DXd8cOUiye1o2,2oNcmoIOlDTBKPh7FzXSAT
37i9dQZF1DXd8cOUiye1o2,0Qo75eJMY72e5IQJt0Dz9z
37i9dQZF1DXd8cOUiye1o2,1gghBotNnzs0LaTFDZIAhH
37i9dQZF1DXd8cOUiye1o2,1EJLrOy25fZ3l55p4rgPdS
37i9dQZF1DXd8cOUiye1o2,6iDQhXuHUAlbf2M9fklZJm
37i9dQZF1DXd8cOUiye1o2,1LQNlexDKg0OzjPnCh43Jk
37i9dQZF1DXd8cOUiye1o2,1n0dpz1cC721NidpqgCCE3
37i9dQZF1DXd8cOUiye1o2,47IzfVVQs2orvksB1CGRvO
37i9dQZF1DXd8cOUiye1o2,0xUKrrCd5evtESKIBOjxN7
37i9dQZF1DXd8cOUiye1o2,6mfdRFpZTTOGwzRCHQlnDW
37i9dQZF1DXd8cOUiye1o2,6SFyV5ngjxaCiqPi4KB4D9
37i9dQZF1DXd8cOUiye1o2,5qCJMsO0GDpk0q6uN3bsmH
37i9dQZF1DXd8cOUiye1o2,2eA9Fj0XSILNZzgMDqaS7x
37i9dQZF1DXd8cOUiye1o2,1URfkRACcOVR8ls3zGjB42
37i9dQZF1DXd8cOUiye1o2,71EgEPhb8EqMpuq2BAbIJs
37i9dQZF1DXd8cOUiye1o2,1vUau8NMY4vdUrdPzAAsLj
37i9dQZF1DXd8cOUiye1o2,66v97IvccVkHt40FIOq1LH
37i9dQZF1DXd8cOUiye1o2,1cbbhTuXBFE9ijwiePyyOY
37i9dQZF1DXd8cOUiye1o2,0M0Sh2lIgrbnjjZMYtuTfN
37i9dQZF1DXd8cOUiye1o2,4rE9qwUZ0eVQn6ajzRYdcx
37i9dQZF1DXd8cOUiye1o2,6AnkrKYwyVQJji1UkppGVG
37i9dQZF1DXd8cOUiye1o2,2pgMykS4vRfWjCn3HBW7Sl
37i9dQZF1DXd8cOUiye1o2,7zkdhpXOGATPZDelzXE7ae
37i9dQZF1DXd8cOUiye1o2,6oeNqrSSmZfA7TBI0jvOwD
37i9dQZF1DXd8cOUiye1o2,0hjUdIdYSFB6zsaj4jTmds
37i9dQZF1DXd8cOUiye1o2,7oCBZ7qxqsM43c5sWvpWxy
37i9dQZF1DXd8cOUiye1o2,6bXrlIITUgU0qnmmTnzrXW
37i9dQZF1DXd8cOUiye1o2,2yYMlF4ruQTqaqCoC1jljL
37i9dQZF1DXd8cOUiye1o2,1KkRWq9CYNSiE6bRlmlHFB
37i9dQZF1DXd8cOUiye1o2,3MscPlbtHQYAOTorgBKWvu
37i9dQZF1DXd8cOUiye1o2,50OVvDb6s8hUsos5AJmPnv
37i9dQZF1DXd8cOUiye1o2,1KpGUDBsrRzvgcJLfzsDOR
37i9dQZF1DXd8cOUiye1o2,2XXEybaIbRfTbgBP7zSV5b
37i9dQZF1DXd8cOUiye1o2,7z3e5trtKbiILn2bcxqKpr
37i9dQZF1DXd8cOUiye1o2,7e2isOXT7eCsgoNuUIlxwp
37i9dQZF1DXa2huSXaKVkW,735WeIIQYRfmtEdMmOgDY1
37i9dQZF1DXa2huSXaKVkW,4P4NsWdqLziZpEteU1uFCI
37i9dQZF1DXa2huSXaKVkW,7v6kXbTvpHbhq5LHruy0xV
37i9dQZF1DXa2huSXaKVkW,7fl15uWBpbKrzrmEm48ZyP
37i9dQZF1DXa2huSXaKVkW,7ucrojjQI5AuW3E1ol11VW
37i9dQZF1DXa2huSXaKVkW,1qyib2Wb5YTbNzZi7QMhEY
37i9dQZF1DXa2huSXaKVkW,5zjFsuLrTM5sp6coribhCa
37i9dQZF1DXa2huSXaKVkW,4DjcBr310LtxxR6wq4sJRv
37i9dQZF1DXa2huSXaKVkW,5L9fLNHSj5SuGvJRljdWJb
37i9dQZF1DXa2huSXaKVkW,2JyPZNIsrL1xIoLZaqcqr1
37i9dQZF1DXa2huSXaKVkW,5pvXcMiqTDzUimGj2Vi8uG
37i9dQZF1DXa2huSXaKVkW,18AId3X5GULxDCCjyRTCIQ
37i9dQZF1DXa2huSXaKVkW,6NmGIj2leVHRKkHEGyechJ
37i9dQZF1DXa2huSXaKVkW,4RixtPhUXlci9ad4qIMj23
37i9dQZF1DXa2huSXaKVkW,64bX3WWzjUomaRfPcQvCNn
37i9dQZF1DXa2huSXaKVkW,2oVJZVH1hlxP3MxyDFRSEb
37i9dQZF1DXa2huSXaKVkW,11uSCFBn6ng3O1LZNbIIwq
37i9dQZF1DXa2huSXaKVkW,5H4rKylLnO8KrmdXTRhj5s
37i9dQZF1DXa2huSXaKVkW,2xBX0LSqGAKDfY660fzHAI
37i9dQZF1DXa2huSXaKVkW,2Hs659VSIWrtetYzclXVP6
37i9dQZF1DXa2huSXaKVkW,6f3C6rJo7zvmfr1h5SRvxg
37i9dQZF1DXa2huSXaKVkW,3YFXNTmbJjQ1b5MDDZ7E0h
37i9dQZF1DXa2huSXaKVkW,0CFIkzVgJRzcPb1Ni1nzvi
37i9dQZF1DXa2huSXaKVkW,6ttvgWnBAt72SIojbcnlKn
37i9dQZF1DXa2huSXaKVkW,5VOnTAe9SMM6RBtq0C9wmf
37i9dQZF1DXa2huSXaKVkW,4eSptlk4boHEHiFKHnsyoF
37i9dQZF1DXa2huSXaKVkW,5tTe5ITswtzwD11Sp2Kv9L
37i9dQZF1DXa2huSXaKVkW,6wYKL1vzI0Vwkkz4fS7ana
37i9dQZF1DXa2huSXaKVkW,0kGackDOW4tY8WZrUtQDHG
37i9dQZF1DXa2huSXaKVkW,5itw0WzsobhLXyxUuAj8OQ
37i9dQZF1DXa2huSXaKVkW,2Kja7rWFWrg3GcMQS3hyFN
37i9dQZF1DXa2huSXaKVkW,7n278iHoD21kun2OymTABC
37i9dQZF1DXa2huSXaKVkW,6wc0nQrkd0iFRaGtHGUOyy
37i9dQZF1DXa2huSXaKVkW,4A15QHUraE6rrP0Co6S3lG
37i9dQZF1DXa2huSXaKVkW,0VPVC9SAd50YMPhHfCz7F6
37i9dQZF1DXa2huSXaKVkW,3xGwSN1dDdpN2s8oP8DRrC
37i9dQZF1DXa2huSXaKVkW,0l93A9IUolKUtMtjLL4dFY
37i9dQZF1DXa2huSXaKVkW,5JWuNK80jSLK1jQyFInWqG
37i9dQZF1DXa2huSXaKVkW,6LVYBlYJ4pezcfk7V8Tttk
37i9dQZF1DXa2huSXaKVkW,38ql2maaz4VFexTGL8yIW3
37i9dQZF1DXa2huSXaKVkW,1dZuiEX0EjvQai3N7BlUmT
37i9dQZF1DXa2huSXaKVkW,2fsPrE2NYiHOHPMuWbjvTj
37i9dQZF1DXa2huSXaKVkW,3oGL4HTmIpiD3J0f80Viqt
37i9dQZF1DXa2huSXaKVkW,5j5vCuBjS1sFWywWUnkJqV
37i9dQZF1DXa2huSXaKVkW,56Ne0akGQ4GHPxS9MOL57G
37i9dQZF1DXa2huSXaKVkW,02bs4xUcI9ZtAA80P5k2FW
37i9dQZF1DXa2huSXaKVkW,0ZGicTeWpoIMpJax3NAuhn
37i9dQZF1DXa2huSXaKVkW,5wVFVfFW94PutE1co7LSPb
37i9dQZF1DXa2huSXaKVkW,2rEKnx0JgrhwiWanoYdw5a
37i9dQZF1DXa2huSXaKVkW,0898lqIxzKWzUZxb5zT7C9
37i9dQZF1DXa2huSXaKVkW,5rzKf4kvAXeMewlN4jeATD
37i9dQZF1DXa2huSXaKVkW,2U2uteVH6UeNen0OFGwQpq
37i9dQZF1DXa2huSXaKVkW,7atOebyeANuCZsGhm33YLd
37i9dQZF1DXa2huSXaKVkW,47U38LbRLzE76b6QOPZYtu
37i9dQZF1DXa2huSXaKVkW,1e5W7XCQSyGlq3Lg0l4HBV
37i9dQZF1DXa2huSXaKVkW,2M5UWuNNuTCnY1R6ydNaAX
37i9dQZF1DXa2huSXaKVkW,69yvE5MyvJtMCx75cPl583
37i9dQZF1DXa2huSXaKVkW,1fWpI0NyM0SDXZpfxy73Kc
37i9dQZF1DXa2huSXaKVkW,1LzMLGHxXSOh1iehTEWZNY
37i9dQZF1DXa2huSXaKVkW,7nX9T2V8Asg69jDP4C7IU7
37i9dQZF1DXa2huSXaKVkW,27wnjZj6W5DUFV08v48APh
37i9dQZF1DXa2huSXaKVkW,5rQLRMzIHjhjD0vtsEA5Ge
37i9dQZF1DXa2huSXaKVkW,6FD2yGEXW2dCOLx6qrDI64
37i9dQZF1DXa2huSXaKVkW,654mUaWkU1J8GpAlvrigkn
37i9dQZF1DXa2huSXaKVkW,5y0t6OQy8nVGoeIoNcQZ7g
37i9dQZF1DXa2huSXaKVkW,5ytl9khoVW9e0il8oVX5ob
37i9dQZF1DXa2huSXaKVkW,0V1ydpcCmkLFvHuQ4cmCNz
37i9dQZF1DXa2huSXaKVkW,3VKlfDnmnTVQUliUCIy6rP
37i9dQZF1DXa2huSXaKVkW,5MjwsLXWXkc9hsS4bJDDfp
37i9dQZF1DXa2huSXaKVkW,0GHp1w79xDkJOwoLHLBc4C
37i9dQZF1DXa2huSXaKVkW,4LSYdjGafFt16ItlHwCE8j
37i9dQZF1DXa2huSXaKVkW,7EjutI8k2HKcGOp332YCYH
37i9dQZF1DXa2huSXaKVkW,5QJilYuxomLozb54CgdZB9
37i9dQZF1DXa2huSXaKVkW,17okP544kN9LplIdJ6E3qN
37i9dQZF1DXa2huSXaKVkW,72i2UY4FTlNLJE7W3TqQUp
37i9dQZF1DXa2huSXaKVkW,4HYGpWdiE7Y8CqUpsp7R5K
37i9dQZF1DXa2huSXaKVkW,4R4qeCzwi3R9FtbQUFr48P
37i9dQZF1DXa2huSXaKVkW,2Fy7dPx4G0WRC1Iv0p5tV9
37i9dQZF1DXa2huSXaKVkW,1U5sNtAqEB5D8V7rwQt8Ex
37i9dQZF1DXa2huSXaKVkW,33y0FrtbLyFZpBPqZuUpjD
37i9dQZF1DXa2huSXaKVkW,7M0qQFllc178NCv2ezCWtq
37i9dQZF1DXa2huSXaKVkW,6FZrX6epdqcaQHx9LFRcuf
37i9dQZF1DXa2huSXaKVkW,3t5JBEkjx9UQZ22KFKYUgz
37i9dQZF1DXa2huSXaKVkW,1nTmSgZOe81t6nG7JVnz06
37i9dQZF1DXa2huSXaKVkW,0bWmjgT1xlNMcfq5nlc7cb
37i9dQZF1DXa2huSXaKVkW,0H8qDYE0qGsde0amHRacyn
37i9dQZF1DXa2huSXaKVkW,4AfLtSXcvG8AkfQjDR0gJ1
37i9dQZF1DXa2huSXaKVkW,6PXISn2oRpmYoFwRT801il
37i9dQZF1DXa2huSXaKVkW,3VcZmUNpoyzWcl6SbfrbDa
37i9dQZF1DXa2huSXaKVkW,4gYBJIMEnBB0Ylz7VSAMNt
37i9dQZF1DXa2huSXaKVkW,2Ox8j2Z4AiEv9ASuwWDInJ
37i9dQZF1DXa2huSXaKVkW,5fsvPJ2jlrk5eRD7hlRLUy
37i9dQZF1DXa2huSXaKVkW,0GwfWsDtA0SmcCD8X71nFf
37i9dQZF1DXa2huSXaKVkW,7gpy0iKmX6lcVRDVQ6lTv4
37i9dQZF1DXa2huSXaKVkW,6nsTMEnfE9Zp8rCuSCmbHB
37i9dQZF1DXa2huSXaKVkW,6CdZP5CxdWer1QgJGKFijQ
37i9dQZF1DXa2huSXaKVkW,1acxzJSLNUISeYPGa5IOZ3
37i9dQZF1DXa2huSXaKVkW,1ZcluxOLEoQEZHp8qsHVe2
37i9dQZF1DXa2huSXaKVkW,54tzSEMiygXoQ6yTqUUb8L
37i9dQZF1DXa2huSXaKVkW,6swiB2EqcDcBS2lojpZlaA
37i9dQZF1DWVq1SXCH6uFn,0gPgdRfB4jdGrlyXS0Vx78
37i9dQZF1DWVq1SXCH6uFn,7eQl3Yqv35ioqUfveKHitE
37i9dQZF1DWVq1SXCH6uFn,0bmp0lE3ArELHqda9PBMVG
37i9dQZF1DWVq1SXCH6uFn,2LcXJP95e4HKydTZ2mYfrx
37i9dQZF1DWVq1SXCH6uFn,0u8wprNfOdcWpUlWnfMcpP
37i9dQZF1DWVq1SXCH6uFn,5EYZZvmNAH5VZCwuzYJqoA
37i9dQZF1DWVq1SXCH6uFn,0dLbrlAVPPjpPqnYfmJsWk
37i9dQZF1DWVq1SXCH6uFn,1O5mTSQa0sCce9ghhDqIZl
37i9dQZF1DWVq1SXCH6uFn,4NmWv6PEGEAmorN5UN9fRo
37i9dQZF1DWVq1SXCH6uFn,5FXMRdJjKq1BIX4e8Eg9mK
37i9dQZF1DWVq1SXCH6uFn,2UKK9UEbKlykbmLVP1zWIQ
37i9dQZF1DWVq1SXCH6uFn,18YHbIhrleUkKKj2DvEp79
37i9dQZF1DWVq1SXCH6uFn,4BTPzhEsyW3blWcxcuhLM0
37i9dQZF1DWVq1SXCH6uFn,0gRNu9dVzi5aC87AI1empZ
37i9dQZF1DWVq1SXCH6uFn,6UEhNvccAc4OyEDJYB5brb
37i9dQZF1DWVq1SXCH6uFn,4FeczSomVWVyU4FW7xDeAI
37i9dQZF1DWVq1SXCH6uFn,4iFPsNzNV7V9KJgcOX7TEO
37i9dQZF1DWVq1SXCH6uFn,3OAFzjwWionh8OfM4kgf2R
37i9dQZF1DWVq1SXCH6uFn,3OLFqbd9ZeVjaUKTiaLsD6
37i9dQZF1DWVq1SXCH6uFn,4chxJYv0qsOKQukt6cKp97
37i9dQZF1DWVq1SXCH6uFn,0IudGhdeJZwJ0Ps6ndtQDt
37i9dQZF1DWVq1SXCH6uFn,17opN752ZQpNuoptelsNQ1
37i9dQZF1DWVq1SXCH6uFn,0iXLwnLmLwn9y54JtBTNxY
37i9dQZF1DWVq1SXCH6uFn,1la0ICQBLfO0lyqsWNwG7l
37i9dQZF1DWVq1SXCH6uFn,4bIQXffbALkCC0Xo6aTicP
37i9dQZF1DWVq1SXCH6uFn,0zQa7QXLpUZfrrsWbgDZll
37i9dQZF1DWVq1SXCH6uFn,1EjxJHY9A6LMOlvyZdwDly
37i9dQZF1DWVq1SXCH6uFn,0pPGUL7171TRGgI6wyP8wP
37i9dQZF1DWVq1SXCH6uFn,5F79ZdjOwGOhUKRHx94sr1
37i9dQZF1DWVq1SXCH6uFn,16XEVyPh5NT31CAAqPbxQF
37i9dQZF1DWVq1SXCH6uFn,2MvCNH9ua0CeOgUQfZf56z
37i9dQZF1DWVq1SXCH6uFn,3nKEiJUeaWn8q2O9I1xwlB
37i9dQZF1DWVq1SXCH6uFn,2tO0QPdCA0jgDBshTuYYkc
37i9dQZF1DWVq1SXCH6uFn,3i11e2jzUtO3jChiFl3v9x
37i9dQZF1DWVq1SXCH6uFn,4vgCpNUUcpEIBifidhQOnR
37i9dQZF1DWVq1SXCH6uFn,3HFjh7QljnUCBLsoTwMuTj
37i9dQZF1DWVq1SXCH6uFn,01npLGQTbZBIHVRcXJbLzR
37i9dQZF1DWVq1SXCH6uFn,3fWMFwaJil8fD14JCgwbcL
37i9dQZF1DWVq1SXCH6uFn,6oUK2k9OJ0WvmVveyauFB7
37i9dQZF1DWVq1SXCH6uFn,7u5B4ptccyg8T7NPfByhE7
37i9dQZF1DWVq1SXCH6uFn,78KKYDENYsw6jYfuEZsqJl
37i9dQZF1DWVq1SXCH6uFn,53DXM0bHfB7xkqJZYlksuh
37i9dQZF1DWVq1SXCH6uFn,6kzj1MWS5tFsoOZUz4c8Hc
37i9dQZF1DWVq1SXCH6uFn,5O4AGvOVFSs5ipu3iNOuoi
37i9dQZF1DWVq1SXCH6uFn,0GVPRo9LEjxjT4C4o8BGot
37i9dQZF1DWVq1SXCH6uFn,1Q9ME2mhsXqwtMszjrSl39
37i9dQZF1DWVq1SXCH6uFn,6SDH3mp9sQCNJDfDDpQTTo
37i9dQZF1DWVq1SXCH6uFn,0h73AwuEY2x44cBMOP58fO
37i9dQZF1DWVq1SXCH6uFn,3Uv8BQFN3bQfhkregyMbnx
37i9dQZF1DWVq1SXCH6uFn,02N5ZxOVugGQmKeIT0VXUx
37i9dQZF1DWVq1SXCH6uFn,7rlUYt3JTteF5OqEnx1UYf
37i9dQZF1DWVq1SXCH6uFn,2KQaNLCXDauWnNuVr6tOi2
37i9dQZF1DWVq1SXCH6uFn,3E424W0IJS3ypZ4YOxE0Jn
37i9dQZF1DWVq1SXCH6uFn,3SdBm0UuDoEdx1fAQdPs3l
37i9dQZF1DWVq1SXCH6uFn,2ILhVeTkbDAYEvesCCBsNo
37i9dQZF1DWVq1SXCH6uFn,0mWtcNIAL9jITVHl3F2SQF
37i9dQZF1DWVq1SXCH6uFn,4fSMSedkuqHoWD20H4Wog1
37i9dQZF1DWVq1SXCH6uFn,3DpedytYku64Hjf51064vO
37i9dQZF1DWVq1SXCH6uFn,6yrIAJ4yMPzq8Vsu1d3CXg
37i9dQZF1DWVq1SXCH6uFn,2NKkRdLnT1aI0W8YqtTkOu
37i9dQZF1DWVq1SXCH6uFn,0ErXZ1NMqOEFGJPQvU9OKF
37i9dQZF1DWVq1SXCH6uFn,6YRbDkyTzsizAWFz8kwiI7
37i9dQZF1DWVq1SXCH6uFn,6AKWp18rxG3DZTxp6A2E2T
37i9dQZF1DWVq1SXCH6uFn,4GrzhbZQQc9SrU4Vo6J3WY
37i9dQZF1DWVq1SXCH6uFn,3Bq7CnWgfvplEzGSVXUvOe
37i9dQZF1DWVq1SXCH6uFn,5KNuHsIeFtD0oukst77hBi
37i9dQZF1DWVq1SXCH6uFn,0Kd2IhGYGYrOATgOOnDBzI
37i9dQZF1DWVq1SXCH6uFn,5thheALMKZqEl479BxqAnL
37i9dQZF1DWVq1SXCH6uFn,648GXyKI62FhbeBq0levWr
37i9dQZF1DWVq1SXCH6uFn,6TMfIoPi0DdkxRxpARTnUv
37i9dQZF1DWVq1SXCH6uFn,4kUvUCtoAdrYROXqof0leG
37i9dQZF1DWVq1SXCH6uFn,5DyYcwMw0f6z3FefXNLOHv
37i9dQZF1DWVq1SXCH6uFn,7LAwdDzta1roB9n4GuVpzG
37i9dQZF1DWVq1SXCH6uFn,7Esjmr77c4SU5IlMtym7Ho
37i9dQZF1DWVq1SXCH6uFn,2F3MfkMgCaUypuEKyvbUzq
37i9dQZF1DWVq1SXCH6uFn,368WunUYuPt29BAesTxA4V
37i9dQZF1DWVq1SXCH6uFn,3p2n1UTPBc5RdQY9X94Xpg
37i9dQZF1DWVq1SXCH6uFn,1x7T34ntvHETqgVeYVK2Jm
37i9dQZF1DWVq1SXCH6uFn,6T2D4mdJ0qRS0GIZmf5pPU
37i9dQZF1DWVq1SXCH6uFn,3oIWJujQwLjGBG8kZGnJkg
37i9dQZF1DWVq1SXCH6uFn,2NouPVwXUlBF0wDm5bpAbp
37i9dQZF1DWVq1SXCH6uFn,58xpZwxUpgrnJMTEmvkZMP
37i9dQZF1DWVq1SXCH6uFn,1fAcwdvJs9WqzimQR6wOJ7
37i9dQZF1DWVq1SXCH6uFn,1qDyykU8pm1PvvO1mqBX8d
37i9dQZF1DWVq1SXCH6uFn,56R9dZ7QxWhcfre5hoiPZV
37i9dQZF1DWVq1SXCH6uFn,58t0hestQdlxOHdz85AUyI
37i9dQZF1DWVq1SXCH6uFn,0D0lefqSgNAAoXfuQgsRUo
37i9dQZF1DWVq1SXCH6uFn,7sSYkaAXRgnzoQYrGgrvlX
37i9dQZF1DWVq1SXCH6uFn,5OsM2RtXHyzEfsl9bxfTGU
37i9dQZF1DWVq1SXCH6uFn,5XnzIsBtJYuJQPETO0cPeh
37i9dQZF1DWVq1SXCH6uFn,6c3Q6tMBsqucdb1TpPybGv
37i9dQZF1DWVq1SXCH6uFn,7ni43tIyJ3xshl4b152ntL
37i9dQZF1DWVq1SXCH6uFn,1pNIbZ1F7CJmk60h6UJaVg
37i9dQZF1DWVq1SXCH6uFn,2tqCK7OS3BU5pvLIXtObvj
37i9dQZF1DWVq1SXCH6uFn,2bWEf2FVLHzqME4xVCjgs2
37i9dQZF1DWVq1SXCH6uFn,2C6l8EGcbfcLXu0mWfAadB
37i9dQZF1DWVq1SXCH6uFn,1i8iShQ9F1HXxnufDuF4Mm
37i9dQZF1DWVq1SXCH6uFn,6FxqL4QiCHJCxOSt9JAQ2l
37i9dQZF1DWVq1SXCH6uFn,5gUuhtkbrISUIlqjD3oYgv
37i9dQZF1DWVq1SXCH6uFn,09alvUm3cAzvGc3xMg0WZz
37i9dQZF1DWXVJK4aT7pmk,610keNiNVTIkYD0CqeSerg
37i9dQZF1DWXVJK4aT7pmk,5ZLkihi6DVsHwDL3B8ym1t
37i9dQZF1DWXVJK4aT7pmk,1YKPRycM3GzKbZUYDgLrmn
37i9dQZF1DWXVJK4aT7pmk,0uwbqLpDeFQLnBTvDsMl8C
37i9dQZF1DWXVJK4aT7pmk,24MMjyA3NLqCsDJfsn51eg
37i9dQZF1DWXVJK4aT7pmk,3ZzUOWnQuNxenx2MbZqtYq
37i9dQZF1DWXVJK4aT7pmk,0YQJoDL6f46J0n1rOVkpxJ
37i9dQZF1DWXVJK4aT7pmk,6c4Po8zyQjB4cR5XgLhcGb
37i9dQZF1DWXVJK4aT7pmk,4eBvRhTJ2AcxCsbfTUjoRp
37i9dQZF1DWXVJK4aT7pmk,2oenSXLDbWVaaL7QjSGYj5
37i9dQZF1DWXVJK4aT7pmk,72vuBPMhwFNlSYpTSf6fVD
37i9dQZF1DWXVJK4aT7pmk,4VosVUajzm6nzGlSb6nP3L
37i9dQZF1DWXVJK4aT7pmk,6oz1L5jcqZWYuId7nxvIan
37i9dQZF1DWXVJK4aT7pmk,3s6bB02odIXvM3OpnqgzNN
37i9dQZF1DWXVJK4aT7pmk,18kRElgBSIAsd3DHPUajuI
37i9dQZF1DWXVJK4aT7pmk,2uWZ7EGddFlA1DJ3Rzzvs2
37i9dQZF1DWXVJK4aT7pmk,0xIuPDzJSnJywALez8dwKR
37i9dQZF1DWXVJK4aT7pmk,5RaK2eqyHaBSyjEtI27w3T
37i9dQZF1DWXVJK4aT7pmk,4hYKmQvLi2yaFAd7Kx07Vp
37i9dQZF1DWXVJK4aT7pmk,03yKEFruN3BS2coglBtt2N
37i9dQZF1DWXVJK4aT7pmk,3F3ZuXYFXGM1V6pk3b3zmi
37i9dQZF1DWXVJK4aT7pmk,32VAw8DL9ixX5XSW2VLcZ4
37i9dQZF1DWXVJK4aT7pmk,6NJ8Z5GDoHe47R6gGX6sLq
37i9dQZF1DWXVJK4aT7pmk,3nKQrVVlwbAQSnFbgZWdN0
37i9dQZF1DWXVJK4aT7pmk,53QrRlALFJfZgdcGLKwy5s
37i9dQZF1DWXVJK4aT7pmk,6TJ8etbh8uFFLuVbLj25lz
37i9dQZF1DWXVJK4aT7pmk,0TdWXMXyfTQ2qp5vvU9LID
37i9dQZF1DWXVJK4aT7pmk,3iNn2VvRJMpz5VLbEAH2r1
37i9dQZF1DWXVJK4aT7pmk,2zkp8sFTnlN7xBrxnG5PA6
37i9dQZF1DWXVJK4aT7pmk,5W7DOVGQLTigu09afW7QMT
37i9dQZF1DWXVJK4aT7pmk,0biuGbhZwYnuUwMOi4fvaN
37i9dQZF1DWXVJK4aT7pmk,3ZGJhN4unVspOqpwGvUL2W
37i9dQZF1DWXVJK4aT7pmk,3xsUWTwx4m4cYgpueIPOWi
37i9dQZF1DWXVJK4aT7pmk,3GEiVoaUXq468gfYs2EPfh
37i9dQZF1DWXVJK4aT7pmk,28lvraTNIN8qiTpoIK7m8Z
37i9dQZF1DWXVJK4aT7pmk,4D8eFUu6Hvulrq6CGqGaLR
37i9dQZF1DWXVJK4aT7pmk,42TMa2hgBNjte4uV7jNCnQ
37i9dQZF1DWXVJK4aT7pmk,2NmBCDkjvJVvEZkH5QDOeb
37i9dQZF1DWXVJK4aT7pmk,4ZVtid5khBfDx6Co0vTUE6
37i9dQZF1DWXVJK4aT7pmk,08Isz2ETWSBhvIl8UpKYsp
37i9dQZF1DWXVJK4aT7pmk,0orOI8nTid7fxPvWIx1tKP
37i9dQZF1DWXVJK4aT7pmk,0dDDt47pVAToheSPh12utX
37i9dQZF1DWXVJK4aT7pmk,6biqkuWq069vByAEeGxZlr
37i9dQZF1DWXVJK4aT7pmk,3wz2vWhYnnBoFmgMkqtzLy
37i9dQZF1DWXVJK4aT7pmk,4SJMuaIYcBS8ke96lDYOsw
37i9dQZF1DWXVJK4aT7pmk,3JkVYvxNoGf2HCWJo61462
37i9dQZF1DWXVJK4aT7pmk,07X7p4jFhHEECps5IBKQ3c
37i9dQZF1DWXVJK4aT7pmk,3UeV0FgtxsChvX6rlX8loZ
37i9dQZF1DWXVJK4aT7pmk,7o1SDLghDwMc4OW3rKakVt
37i9dQZF1DWXVJK4aT7pmk,7FVgT8XjxUSfKuZuHxg316
37i9dQZF1DWXVJK4aT7pmk,0j9Y4rbP8dkNipKoCR1gva
37i9dQZF1DWXVJK4aT7pmk,1DdAnzhSw7HT4xMNDrGMcV
37i9dQZF1DWXVJK4aT7pmk,6Z4rRhYZVQsYKmrxD40tru
37i9dQZF1DWXVJK4aT7pmk,64mInfKzmJIbuTvcnhRgfW
37i9dQZF1DWXVJK4aT7pmk,3VwIFCFQ6HQNzlQPfJBrt7
37i9dQZF1DWXVJK4aT7pmk,7J5V3MlzpfSF6jEchkfxB6
37i9dQZF1DWXVJK4aT7pmk,5iVYMQKl3OZi0ULxeKAkho
37i9dQZF1DWXVJK4aT7pmk,6oEAcSY98NPIgD9UumQwIg
37i9dQZF1DWXVJK4aT7pmk,5si4xdFplkXAydKfFe1xXa
37i9dQZF1DWXVJK4aT7pmk,3HJRVmgJQ8Bg1guFckZKh9
37i9dQZF1DWXVJK4aT7pmk,1C6auFaK08OhOTJ8bfrAiG
37i9dQZF1DWXVJK4aT7pmk,7Gm3V7q7zm5byzS0QQ8VHn
37i9dQZF1DWXVJK4aT7pmk,2DnRbGR0JIKLERKI8IGcoL
37i9dQZF1DWXVJK4aT7pmk,0w2wUGseVPOTjYVp3ZbBlf
37i9dQZF1DWXVJK4aT7pmk,3oWv5qDKYN7MH6FdlglMN5
37i9dQZF1DWXVJK4aT7pmk,2nSXENDQ3Vp94qBQlHfbUq
37i9dQZF1DWXVJK4aT7pmk,3Vmo13MxVRKBszmfK61ONH
37i9dQZF1DWXVJK4aT7pmk,4aObqXLku7XQqfVQ8azYGo
37i9dQZF1DWXVJK4aT7pmk,60suOlM8VpTVITPFeqth8r
37i9dQZF1DWXVJK4aT7pmk,384kEWAIjI7xR6tma5g65a
37i9dQZF1DWXVJK4aT7pmk,4ZlAM2VoFpv0VyZjv34A4o
37i9dQZF1DWXVJK4aT7pmk,0Jzwt6Joh8midX8F2riGja
37i9dQZF1DWXVJK4aT7pmk,1aL9518P5G72N92b48tuKw
37i9dQZF1DWXVJK4aT7pmk,5zUPoHkgqAr1XwTMNzNtGs
37i9dQZF1DWXVJK4aT7pmk,1w3exvIgbRFV2ijf6qyWm8
