playlist_id,playlist_name,description,tracks_count,uri
37i9dQZF1DXcBWIGoYBM5M,Today‚Äôs Top Hits,Jack Harlow is on top of the Hottest 50!,50,spotify:playlist:37i9dQZF1DXcBWIGoYBM5M
37i9dQZF1DX0XUsuxWHRQd,RapCaviar,"Music from Drake, Jack Harlow and Gucci Mane. ",50,spotify:playlist:37i9dQZF1DX0XUsuxWHRQd
37i9dQZF1DX4dyzvuaRJ0n,mint,The world's biggest dance hits. Cover: Argy,75,spotify:playlist:37i9dQZF1DX4dyzvuaRJ0n
37i9dQZF1DXcF6B6QPhFDv,Rock This,Bring Me The Horizon along with today's Rock songs you need to know.,50,spotify:playlist:37i9dQZF1DXcF6B6QPhFDv
37i9dQZF1DX4SBhb3fqCJd,RNB X,Where R&B lives. Cover: Chris Brown,50,spotify:playlist:37i9dQZF1DX4SBhb3fqCJd
37i9dQZF1DX10zKzsJ2jva,Viva Latino,"Today's top Latin hits, elevando nuestra m√∫sica. Cover: Kali Uchis & KAROL G",50,spotify:playlist:37i9dQZF1DX10zKzsJ2jva
37i9dQZF1DX1lVhptIYRda,Hot Country,Today's top country hits. Cover: Megan Moroney,50,spotify:playlist:37i9dQZF1DX1lVhptIYRda
37i9dQZF1DWZMWLrh2UzwC,New Music Friday Malaysia,The best newly released songs of the week. Cover: Alextbh,84,spotify:playlist:37i9dQZF1DWZMWLrh2UzwC
37i9dQZF1DWWjGdmeTyeJ6,Fresh Finds,"The best new music by independent artists and labels. Cover: UCHE YARA. Artwork by Isu Kim.
",111,spotify:playlist:37i9dQZF1DWWjGdmeTyeJ6
37i9dQZF1DX0XUfTFmNBRM,Hot Hits Hindi,Hottest Hindi music served here. Cover - Tiger 3,50,spotify:playlist:37i9dQZF1DX0XUfTFmNBRM
37i9dQZF1DWZNJXX2UeBij,All Out 00's Hindi,Bollywood songs that ruled hearts in the Y2K decade. Cover - Jab We Met,100,spotify:playlist:37i9dQZF1DWZNJXX2UeBij
37i9dQZF1DXdpQPPZq3F7n,Bollywood Mush,Let these songs be the background score to your love story. Cover - Animal,75,spotify:playlist:37i9dQZF1DXdpQPPZq3F7n
37i9dQZF1DX14CbVHtvHRB,Trending Valentine's Hits ,India's Ultimate Love Playlist. Cover- Jawan,75,spotify:playlist:37i9dQZF1DX14CbVHtvHRB
37i9dQZF1DWXtlo6ENS92N,Bollywood Central,"Bollywood Central, jab baje toh seedha dil ke centre mein lage ‚ù§Ô∏è",50,spotify:playlist:37i9dQZF1DWXtlo6ENS92N
37i9dQZF1DXa6iPZDThhLh,90s Love Hits,Relive the '90s with these beautiful romantic hits. Cover - Dil,100,spotify:playlist:37i9dQZF1DXa6iPZDThhLh
37i9dQZF1DX8xfQRRX1PDm,Bollywood Dance Music,"Party-ready, biggest Bollywood dance tracks of last 10 years. Cover - Satyameva Jayate",75,spotify:playlist:37i9dQZF1DX8xfQRRX1PDm
37i9dQZF1DXd8cOUiye1o2,New Music Hindi,"Dunki's first single is out, and we're have it on loop! Listen now.",75,spotify:playlist:37i9dQZF1DXd8cOUiye1o2
37i9dQZF1DXa2huSXaKVkW,All Out 90s Hindi,"K..K..K..Kiran to T..T..T..Tuffy, the wonderfully unique decade. Cover - Raja",100,spotify:playlist:37i9dQZF1DXa2huSXaKVkW
37i9dQZF1DWVq1SXCH6uFn,00's Love Hits,Fall in love with 00's Bollywood like never before! Cover - Bachna Ae Haseeno,100,spotify:playlist:37i9dQZF1DWVq1SXCH6uFn
37i9dQZF1DWXVJK4aT7pmk,Hot Hits Punjabi,"Catch the hottest Punjabi tracks with Sidhu Moose Wala on the cover for his track ""Watch out""",75,spotify:playlist:37i9dQZF1DWXVJK4aT7pmk
37i9dQZF1DX5cZuAHLNjGz,Punjabi 101,Ultimate 101 Punjabi Hits with Diljit Dosanjh,101,spotify:playlist:37i9dQZF1DX5cZuAHLNjGz
37i9dQZF1DWXkMnNwaapIj,I-Pop Superhits,Biggest hits from your favourite pop stars. Cover- Yo Yo Honey Singh,90,spotify:playlist:37i9dQZF1DWXkMnNwaapIj
37i9dQZF1DWTqYqGLu7kTX,Hip Te Hop,"This is how we do it, This is our style.
Cover: Sidhu Moose Wala",75,spotify:playlist:37i9dQZF1DWTqYqGLu7kTX
37i9dQZF1DX5baCFRgbF3x,New Music Punjabi,Stay updated with all the smashing new Punjabi music! Cover- B Praak,100,spotify:playlist:37i9dQZF1DX5baCFRgbF3x
37i9dQZF1DWSKoG4oVafMt,Punjabi Pyar,The very best of Punjabi romance featuring Jordan Sandhu,76,spotify:playlist:37i9dQZF1DWSKoG4oVafMt
37i9dQZF1DWVDCraF986xg,Punjabi X,Catch all the collaborations and crossovers in Punjabi music. Cover: Guru Randhawa ,50,spotify:playlist:37i9dQZF1DWVDCraF986xg
37i9dQZF1DX9L0PulSSl2E,Chill Karlo,"Sit Back , Unwind Te Thand Rakho! Cover: Avvy Sra, Karan Aujla",50,spotify:playlist:37i9dQZF1DX9L0PulSSl2E
37i9dQZF1DWStljCmevj7t,Punjabi Swag,Wakhre Te Athre Punjabi tracks. Cover: Amrit Maan,100,spotify:playlist:37i9dQZF1DWStljCmevj7t
37i9dQZF1DWWfmbQgZIznF,Sad hours: Punjabi,Caution! Heartbreak zone ahead,50,spotify:playlist:37i9dQZF1DWWfmbQgZIznF
37i9dQZF1DX29AbHCRoac8,Mega Punjabi Hits ,"A mega mix of your Punjabi favorites from the last few years.
",50,spotify:playlist:37i9dQZF1DX29AbHCRoac8
37i9dQZF1DXcQNdt1GHNdg,Punjabi Pump,Pump up your adrenaline with Punjabi hits!,50,spotify:playlist:37i9dQZF1DXcQNdt1GHNdg
37i9dQZF1DX4Im4BTs2WMg,Trending Now Tamil,"Top Trending Tamil Songs on Social Media
Cover : JDX",76,spotify:playlist:37i9dQZF1DX4Im4BTs2WMg
37i9dQZF1DWVo4cdnikh7Z,Latest Tamil,"New Music from Kollywood.
Cover : Captain Miller",80,spotify:playlist:37i9dQZF1DWVo4cdnikh7Z
37i9dQZF1DX1i3hvzHpcQV,Hot Hits Tamil,"Tune into the Hottest tracks of Kollywood!
Cover : Leo",53,spotify:playlist:37i9dQZF1DX1i3hvzHpcQV
37i9dQZF1DX0TyiNWW7uUQ,Kollywood Cream,"Finest collection of Tamil Music from the past 10 years
Cover : LEO",75,spotify:playlist:37i9dQZF1DX0TyiNWW7uUQ
37i9dQZF1DX7vl8XKmpwdM,Latest Dance Tamil,"Dance Machi Dance
Cover : Jigarthanda DoubleX",50,spotify:playlist:37i9dQZF1DX7vl8XKmpwdM
37i9dQZF1DX44F1QWqYoaV,Telugu Love Songs,"The best romantic tracks from Tollywood!
Cover: Sita Ramam",87,spotify:playlist:37i9dQZF1DX44F1QWqYoaV
37i9dQZF1DX6XE7HRLM75P,Hot Hits Telugu,"Tune in to the Hottest Tracks of Tollywood!
Cover : Guntur Kaaram",50,spotify:playlist:37i9dQZF1DX6XE7HRLM75P
37i9dQZF1DX5VOFoIqmrOV,Tollywood Pearls,"The finest set of Telugu music from the past 10 years. 
Cover : Ala Vaikunthapurramuloo",75,spotify:playlist:37i9dQZF1DX5VOFoIqmrOV
37i9dQZF1DWWwrjLPC16W7,Latest Telugu,"New Music from Tollywood!
Cover: Guntur Kaaram",78,spotify:playlist:37i9dQZF1DWWwrjLPC16W7
37i9dQZF1DXcrFZ8UTtxv9,All Out 00's Telugu,"Best of Telugu songs from the 2000's! 
Cover : Pawan Kalyan",100,spotify:playlist:37i9dQZF1DXcrFZ8UTtxv9
37i9dQZF1DWTt3gMo0DLxA,Trending Now Telugu,"Trending songs from Tollywood! 
Cover - MAD",50,spotify:playlist:37i9dQZF1DWTt3gMo0DLxA
37i9dQZF1DWTPYJ30Fuy6L,00's Mass Paatalu,"Telugu 2000's Massss! 
Cover: Shankardada MBBS",100,spotify:playlist:37i9dQZF1DWTPYJ30Fuy6L
37i9dQZF1DWUlxikDc4tqi,Purely Prema,"Superhit Love Songs served here.

Cover : Hit 2",75,spotify:playlist:37i9dQZF1DWUlxikDc4tqi
37i9dQZF1DWTGda3Eyqjzr,00s Love Songs Telugu,"What's a better combination than Nostalgia and Love? The best of both in this playlist! 
Cover: Bommarillu

",75,spotify:playlist:37i9dQZF1DWTGda3Eyqjzr
37i9dQZF1DX3VuB7FVwxmc,Latest Dance Telugu,"Head to the dance floor with these latest tracks.
Cover : Saindhav",50,spotify:playlist:37i9dQZF1DX3VuB7FVwxmc
37i9dQZF1DX2UT3NuRgcHd,Happy Vibes Telugu! ,Destination Happiness,61,spotify:playlist:37i9dQZF1DX2UT3NuRgcHd
37i9dQZF1DX5EbPl0mQHmo,Kiraak Telugu,"The Kiraak-est set of Telugu Music!
Cover: Waltair Veerayya",47,spotify:playlist:37i9dQZF1DX5EbPl0mQHmo
37i9dQZF1DXdMUUSqm9tTc,Feel Good Telugu,For the times you need to. ,50,spotify:playlist:37i9dQZF1DXdMUUSqm9tTc
37i9dQZF1DWWokU1YHhufF,Love Failure Telugu Songs,"Povodhe.. Povodhe.. Prema.. 
Cover: Baby",44,spotify:playlist:37i9dQZF1DWWokU1YHhufF
37i9dQZF1DX1MYRp9oolwH,Latest Romance Telugu,"Bringing out the best of latest love tracks
Cover : Hi Nanna",48,spotify:playlist:37i9dQZF1DX1MYRp9oolwH
37i9dQZF1DWZX7pylMgqGz,Pawan Kalyan Hits ,The best songs of our power star! ,50,spotify:playlist:37i9dQZF1DWZX7pylMgqGz
37i9dQZF1DX26DKvjp0s9M,Essential Indie,The best of the best from oldies to new classics. Cover: Mac DeMarco,100,spotify:playlist:37i9dQZF1DX26DKvjp0s9M
37i9dQZF1DXdTCdwCKzXwo,Early Alternative,These early pioneers brought the underground to the foreground. Cover: Lou Reed. ,75,spotify:playlist:37i9dQZF1DXdTCdwCKzXwo
37i9dQZF1DXcNf6sH1qnKU,Dreampop Classics,"Glimmering, warm, and bright memories: Broadcast on the cover.",50,spotify:playlist:37i9dQZF1DXcNf6sH1qnKU
37i9dQZF1DX9LbdoYID5v7,The 2000s Indie Scene,Music that created modern indie as we know it. Cover: Yeah Yeah Yeahs,75,spotify:playlist:37i9dQZF1DX9LbdoYID5v7
37i9dQZF1DXaLaoaQqrfyO, Indie Pop 2010s,Seminal indie pop tracks from the 2010s. Cover: Blood Orange.,100,spotify:playlist:37i9dQZF1DXaLaoaQqrfyO
37i9dQZF1DX873GaRGUmPl,Alternative 10s,The best alternative songs of the decade. Cover: Glass Animals,80,spotify:playlist:37i9dQZF1DX873GaRGUmPl
37i9dQZF1DX6ujZpAN0v9r,Shoegaze Classics,The essential beautiful noise: sweet and sour fuzz to warm your heart. my bloody valentine on cover,175,spotify:playlist:37i9dQZF1DX6ujZpAN0v9r
37i9dQZF1DX0YKekzl0blG,Alternative 00s,All the indelible tunes from the other side of the 00s. Cover: Santigold,80,spotify:playlist:37i9dQZF1DX0YKekzl0blG
37i9dQZF1DXaLI8a395lse,Alternative 90s,"Britpop, trip-hop, grunge and more from the other side of the 90s. Cover: The Cure",80,spotify:playlist:37i9dQZF1DXaLI8a395lse
37i9dQZF1DX30gKInBBe5k,slowcore,a hardcore home for slowcore fans.,85,spotify:playlist:37i9dQZF1DX30gKInBBe5k
37i9dQZF1DWW06b4n9Ho9J,Best of Indie 2021,Editors' picks of the best indie tracks this year. Cover: Japanese Breakfast,104,spotify:playlist:37i9dQZF1DWW06b4n9Ho9J
37i9dQZF1DWWkGXMGv9j4M,Best of Indie 2020,"Weird year overall, but great for indie. Editors' picks of the best tracks of the year. Cover: Phoebe Bridgers",100,spotify:playlist:37i9dQZF1DWWkGXMGv9j4M
37i9dQZF1DWTc5QDlvD7t0,Ultimate Indie Presents... Best Tracks of 2019,The best indie rock/pop/punk/dance/hip hop/r&b of 2019. Cover: Clairo,50,spotify:playlist:37i9dQZF1DWTc5QDlvD7t0
37i9dQZF1DWULq23fLWDsl,Best of Indie 2010,2010 highlights from the home of indie music. Cover: Gorillaz.,100,spotify:playlist:37i9dQZF1DWULq23fLWDsl
37i9dQZF1DX2Vedp1NjGn9,Best of Indie 2011,2011 highlights from the home of indie music.,100,spotify:playlist:37i9dQZF1DX2Vedp1NjGn9
37i9dQZF1DX3n9iLlurL09,Best of Indie 2012,2012 highlights from the home of indie music.,100,spotify:playlist:37i9dQZF1DX3n9iLlurL09
37i9dQZF1DWWY64wDtewQt,phonk,the beat of your drift,100,spotify:playlist:37i9dQZF1DWWY64wDtewQt
37i9dQZF1DXcH1zkVmOC0e,Endrendrum SPB,Celebrate the Superhits of our own Legend SPB!!,100,spotify:playlist:37i9dQZF1DXcH1zkVmOC0e
37i9dQZF1DWYQhKSOD0Qas,Punjabi Gaming,Pump up your adrenaline with your favorite Punjabi tracks,51,spotify:playlist:37i9dQZF1DWYQhKSOD0Qas
37i9dQZF1DWUBCiFp3lAyi,Grand Theft Auto Radio,Your personalized GTA radio station. ,100,spotify:playlist:37i9dQZF1DWUBCiFp3lAyi
37i9dQZF1DWTyiBJ6yEqeu,Top Gaming Tracks,"Press play, press start.",100,spotify:playlist:37i9dQZF1DWTyiBJ6yEqeu
37i9dQZF1DWYRNXjFoiid2,Ultimate Pop Gaming,Today's best pop to fuel your gaming. Cover: BoyWithUke,100,spotify:playlist:37i9dQZF1DWYRNXjFoiid2
37i9dQZF1DWTAtTdFMiJYK,RADAR India,Most exciting artists from the Indian Indie scene. Cover: Rusha & Blizza,75,spotify:playlist:37i9dQZF1DWTAtTdFMiJYK
37i9dQZF1DX50FeI1zgOSW,RADAR Tamil,"Featuring up-and-coming Tamil artists from the Indie scene
Cover : Sanathan Shree Krishnan",84,spotify:playlist:37i9dQZF1DX50FeI1zgOSW
37i9dQZF1DX9IALXsyt8zk,RADAR Korea,Unearthing up-and-coming Korean acts. Cover: Zior Park,50,spotify:playlist:37i9dQZF1DX9IALXsyt8zk
37i9dQZF1DWTU63finroJM,RADAR Global ,Meet the future. New artists on the horizon.,123,spotify:playlist:37i9dQZF1DWTU63finroJM
37i9dQZF1DX2TlTLxcIo6J,RADAR Songwriters,"From across the globe. New Songwriters on the horizon. Cover: <a href=""https://artists.spotify.com/songwriter/0ZY43VwD4Dvf0ZO9SwivN5"">Valentina Rico</a>",45,spotify:playlist:37i9dQZF1DX2TlTLxcIo6J
37i9dQZF1DWY0DyDKedRYY,RADAR US,"The most exciting new music, featuring RADAR official artist Peso Pluma on the cover.",47,spotify:playlist:37i9dQZF1DWY0DyDKedRYY
37i9dQZF1DWYc8Z858eGwP,RADAR Africa,"The most exciting new artists on the rise from the African continent & diaspora. Cover: <a href=""https://open.spotify.com/artist/3SozjO3Lat463tQICI9LcE?si=bWfP8oYHRI6Scnl72IzCZA"">Tyla</a>",70,spotify:playlist:37i9dQZF1DWYc8Z858eGwP
37i9dQZF1DWV7gN1qBoBYg,RADAR Nordics,"Welcome to RADAR: A space for storytelling going beyond the music featuring Yaeger, Sam Ezeh, LOVA, Mina Okabe, Augustine & IVAN$ITO from the Nordics!",60,spotify:playlist:37i9dQZF1DWV7gN1qBoBYg
37i9dQZF1DWSElo6PPUdZk,Equal Punjabi Pop,Catch the queens of Punjabi Pop. Cover: Baani Sandhu,50,spotify:playlist:37i9dQZF1DWSElo6PPUdZk
37i9dQZF1DX6Cy4Vr7Hu2y,EQUAL K-Pop,"From sultry vocalists, sexy divas to cutesy girl-groups, the women of K-Pop are a formidable force to be reckoned with. (Cover: Jessi(Ï†úÏãú)) (ÏºÄÏù¥ÌåùÏùÑ ÎåÄÌëúÌïòÎäî ÌïúÍµ≠Ïùò Ïó¨ÏÑ± Í∞ÄÏàòÎì§ÏùÑ ÎßåÎÇòÎ≥¥ÏÑ∏Ïöî!)",64,spotify:playlist:37i9dQZF1DX6Cy4Vr7Hu2y
37i9dQZF1DX5KJJSIYaNvs,EQUAL India,"Listen to Indian women, at full volume. Cover - Lisa Mishra",50,spotify:playlist:37i9dQZF1DX5KJJSIYaNvs
37i9dQZF1DXblYBkrEcpLK,EQUAL Anime,„Ç¢„Éã„É°„Ç∑„Éº„É≥„ÇíÂΩ©„ÇãÂ•≥ÊÄß„Ç¢„Éº„ÉÜ„Ç£„Çπ„ÉàÈÅî„ÇíÁâπÈõÜÔºÅ Celebrate the great female artists from anime culture. Cover: „Éí„Ç∞„ÉÅ„Ç¢„Ç§ (Ai Higuchi),50,spotify:playlist:37i9dQZF1DXblYBkrEcpLK
37i9dQZF1DWU8quswnFt3c,EQUAL Global,"Listen to women from all over the world, at full volume. Cover: Bellakath",75,spotify:playlist:37i9dQZF1DWU8quswnFt3c
37i9dQZF1DX3qgJkcIjXC2,EQUAL - The Players,Spotify's first ever all-women soccer playlist. Built by your favorite players.,126,spotify:playlist:37i9dQZF1DX3qgJkcIjXC2
37i9dQZF1DX7JO5vzoPTXR,Created by Women,"Songs that are 100% written, produced, and performed by women! Cover: <a href=""https://open.spotify.com/playlist/37i9dQZF1EFxQm5kACHpXo?si=e001f7e7337142b9""> KAMILLE </a>, <a href=""https://open.spotify.com/playlist/37i9dQZF1EFNris1uapuvu?si=fe089bf421104ba1""> Carla Marie </a> & <a href=""https://open.spotify.com/playlist/37i9dQZF1EFymkJOZK4uO1?si=edc3f1f5cb2e4ecc""> Jin Jin </a>",39,spotify:playlist:37i9dQZF1DX7JO5vzoPTXR
37i9dQZF1DX8QB9Ys2nV17,EQUAL Blues,The greatest female voices in blues today. Cover: Amythyst Kiah,55,spotify:playlist:37i9dQZF1DX8QB9Ys2nV17
37i9dQZF1DX7QGYV9jyeOE,EQUAL New Age,Classic and contemporary pioneers of New Age music. Cover: Constance Demby,73,spotify:playlist:37i9dQZF1DX7QGYV9jyeOE
37i9dQZF1DX15TqoV2o7QK,EQUAL India Presents Best Of 2021,The best of EQUAL India 2021. Cover: Asees Kaur and Renuka Panwar,40,spotify:playlist:37i9dQZF1DX15TqoV2o7QK
37i9dQZF1DWWwGws5Po6YO,EQUAL Ambient,The women at the forefront of ambient and experimental music. Cover: Whatever The Weather,100,spotify:playlist:37i9dQZF1DWWwGws5Po6YO
37i9dQZF1DX5hL1aT2vhMb,EQUAL: Classical,Celebrate the great women composers and classical performers who continue to transform the classical world. Cover: Olivia Belli,75,spotify:playlist:37i9dQZF1DX5hL1aT2vhMb
37i9dQZF1DX45grRWk2ghU,Hot Pink,Life in plastic is fantastic ,75,spotify:playlist:37i9dQZF1DX45grRWk2ghU
37i9dQZF1DX0wIBbVnPvie,Barbie Official Playlist,"She's everything. He's just Ken. Listen to the music from and inspired by Barbie, curated by Mark Ronson. ",45,spotify:playlist:37i9dQZF1DX0wIBbVnPvie
37i9dQZF1DX2Ft2Y1RF4jG,Retro Prom,pov: you're wearing a fluffy pink dress in a John Hughes movie,75,spotify:playlist:37i9dQZF1DX2Ft2Y1RF4jG
37i9dQZF1DX0oFpWfPwcGv,Disco Decadence,"Disco forever. Deeper cuts, forgotten gems and 8 minute versions.",75,spotify:playlist:37i9dQZF1DX0oFpWfPwcGv
37i9dQZF1DXbdNhlZLjJXz,hot girl walk,"leggings, walking pads, water tumblers - that's hot",50,spotify:playlist:37i9dQZF1DXbdNhlZLjJXz
37i9dQZF1DXa90jZU6E5GN,neon cowgirl,make the whole place shimmer ‚ú®,100,spotify:playlist:37i9dQZF1DXa90jZU6E5GN
37i9dQZF1DX1SbnWqcjJBz,Deserved,"Talented, brilliant, incredible, amazing, show-stopping‚Ä¶ See also: <a href=""spotify:playlist:37i9dQZF1DX7YE2tQ4q86h"">OBSESSED</a>",100,spotify:playlist:37i9dQZF1DX1SbnWqcjJBz
37i9dQZF1DXbVhgADFy3im,Trending Now India,Every track you're listening/should be listening to ;) Cover- Raanjhan Aaya: Kareena Kapoor,75,spotify:playlist:37i9dQZF1DXbVhgADFy3im
37i9dQZF1DXbYM3nMM0oPk,Mega Hit Mix,A mega mix of 75 favorites from the last few years! ,75,spotify:playlist:37i9dQZF1DXbYM3nMM0oPk
37i9dQZF1DXbQDZkQM83q7,pov: you're in love,"Uff, you've fallen! üíú",60,spotify:playlist:37i9dQZF1DXbQDZkQM83q7
37i9dQZF1DX1dCsSMSXSsP,Pop Shots ,"All your pop favorites!
Cover: The Kid LAROI",50,spotify:playlist:37i9dQZF1DX1dCsSMSXSsP
37i9dQZF1DXaRf94BiB7fV,Fresh Finds India," Emerging Indie artists on the rise, updated every Wednesday. Cover: Dhrriti Saharan, Artwork: Isu Kim",100,spotify:playlist:37i9dQZF1DXaRf94BiB7fV
37i9dQZF1DX3u9TSHqpdJC,Fresh Finds Pop,The best new music by independent artists and labels. Updates every Wednesday. Cover: Georgia Lines,109,spotify:playlist:37i9dQZF1DX3u9TSHqpdJC
37i9dQZF1DWT0upuUFtT7o,Fresh Finds Indie,The best new indie tracks from independent artists & labels. Updates every Wednesday. Cover: mercury <3,103,spotify:playlist:37i9dQZF1DWT0upuUFtT7o
37i9dQZF1DXdS3lvGe1GrT,Fresh Finds Folk,Fresh folk and roots music from independent artists every Wednesday. Cover: John Francis Flynn | Visual Artist: Bailey Elder,113,spotify:playlist:37i9dQZF1DXdS3lvGe1GrT
37i9dQZF1DWUFAJPVM3HTX,Fresh Finds R&B,"The best new R&B by independent artists and labels. Cover: <a href=""https://open.spotify.com/artist/13wBNPUEHHtM5rjD9u6BYW?si=4H-oDugfQ1WpY26U4RwEJQ""> OSA </a>. Updates every Wednesday.",287,spotify:playlist:37i9dQZF1DWUFAJPVM3HTX
37i9dQZF1DWW4igXXl2Qkp,Fresh Finds Hip-Hop,"The best new Hip-Hop by independent artists and labels. Updates every Wednesday. Cover: <a href=""spotify:artist:4bOqkIGQCcuZgjfDxNuX1I"">Anycia</a>",75,spotify:playlist:37i9dQZF1DWW4igXXl2Qkp
37i9dQZF1DX78toxP7mOaJ,Fresh Finds Rock,Fresh rock from independent artists every Wednesday. Cover: Hotline TNT | Artwork: Jim Klok,126,spotify:playlist:37i9dQZF1DX78toxP7mOaJ
37i9dQZF1DX6bBjHfdRnza,Fresh Finds Dance,The best new dance & electronic by independent artists and labels. Cover: Loukeman. Artwork by Rewina Beshue. ,100,spotify:playlist:37i9dQZF1DX6bBjHfdRnza
37i9dQZF1DX84EApEEEkUc,Hot Hits Marathi,Tune into the hottest Marathi songs. Cover- Sarla Ek Koti,50,spotify:playlist:37i9dQZF1DX84EApEEEkUc
37i9dQZF1DWZBIyOatufxH,Latest Marathi Hits,Latest Marathi music handpicked for you. Cover - Boyz 4,50,spotify:playlist:37i9dQZF1DWZBIyOatufxH
37i9dQZF1DXdAS31iLwf91,Marathi Pop,Catch the best of Marathi Pop music. Cover - Butterfly,75,spotify:playlist:37i9dQZF1DXdAS31iLwf91
37i9dQZF1DX163rJoVPJH7,Valentine's Day Marathi,Best of ‡§Æ‡§∞‡§æ‡§†‡•Ä Romantic music to celebrate the season of LOVE.,57,spotify:playlist:37i9dQZF1DX163rJoVPJH7
37i9dQZF1DXalezraCRdMC,Ajay Atul Suprasiddha,Evergreen Ajay-Atul Marathi hits that made us fall in love with the duo.,34,spotify:playlist:37i9dQZF1DXalezraCRdMC
37i9dQZF1DWW8UKcWYfq9u,Romantic Marathi Hits,Your favourite Marathi love songs on the go. Cover - Reteish & Genelia Deshmukh,62,spotify:playlist:37i9dQZF1DWW8UKcWYfq9u
37i9dQZF1DXd7v7CBc8XzS,Chill Marathi Hits,Wind down to the best of Marathi chill music,40,spotify:playlist:37i9dQZF1DXd7v7CBc8XzS
37i9dQZF1DWUhwij7QJy68,Dhamaal Koligeet,Best Koli tracks to uplift your mood!,40,spotify:playlist:37i9dQZF1DWUhwij7QJy68
37i9dQZF1DWUEPngl1ogec,Marathi Sad Songs,Marathi Melancholia to accompany your misery. Cover - Swwapnil Joshi,29,spotify:playlist:37i9dQZF1DWUEPngl1ogec
37i9dQZF1DX32ZhGstc1pA,Marathi Party Songs,Ultimate Marathi Hits to get your party going!,38,spotify:playlist:37i9dQZF1DX32ZhGstc1pA
37i9dQZF1DWZPrKPHbO4OG,Marathi Workout,Your ultimate gym playlist featuring upbeat Marathi tracks.,40,spotify:playlist:37i9dQZF1DWZPrKPHbO4OG
37i9dQZF1DWX76Z8XDsZzF,Bollywood & Chill,"Sit back, and chill with Bollywood's easygoing hits.",75,spotify:playlist:37i9dQZF1DWX76Z8XDsZzF
37i9dQZF1DWZS4GhkDZq7c,Kolly Chill Out,Cool Tracks from Kollywood,51,spotify:playlist:37i9dQZF1DWZS4GhkDZq7c
37i9dQZF1DWWfZHTa5oacf,Bollywood Sundowner,Kickstart your sundowner party with these hits. ,50,spotify:playlist:37i9dQZF1DWWfZHTa5oacf
37i9dQZF1DXb4uCtZdqTsC,Sillunu oru Summer,Enjoy the summer in a Jil Jil way,50,spotify:playlist:37i9dQZF1DXb4uCtZdqTsC
37i9dQZF1DX1AVAcepRsUl,Hot Bhangra,"Grab your lassi, it's time for hottest Punjabi hits. Cover: Raf Saperra
",75,spotify:playlist:37i9dQZF1DX1AVAcepRsUl
37i9dQZF1DWZ7eJRBxKzdO,Summer Dance Hits 2023,The summer needs dance hits üòé‚òÄÔ∏è,120,spotify:playlist:37i9dQZF1DWZ7eJRBxKzdO
37i9dQZF1DX2ogDiL6nZJr,Van Life,Home is where you park it.,100,spotify:playlist:37i9dQZF1DX2ogDiL6nZJr
37i9dQZF1DXbtuVQL4zoey,Sunny Beats,Beach vibes and summer jams only.,232,spotify:playlist:37i9dQZF1DXbtuVQL4zoey
37i9dQZF1DWUYPasrIWf5j,Instrumental Ukulele Covers,Instrumental covers of favourites played on ukulele.,78,spotify:playlist:37i9dQZF1DWUYPasrIWf5j
37i9dQZF1DWZqd5JICZI0u,Peaceful Meditation,Breathe. Sense. Feel. Transcend.,230,spotify:playlist:37i9dQZF1DWZqd5JICZI0u
37i9dQZF1DWXe9gFZP0gtP,Stress Relief,Calm your mind from anxiety with gentle piano and ambient music.,265,spotify:playlist:37i9dQZF1DWXe9gFZP0gtP
37i9dQZF1DXdzGIPNRTvyN,Dreamy Forest Music,"Wander into the magical mix of music, water, birds, and calmness. ",150,spotify:playlist:37i9dQZF1DXdzGIPNRTvyN
37i9dQZF1DXaImRpG7HXqp,Calming Acoustic,Keep calm with instrumental acoustic tracks.,297,spotify:playlist:37i9dQZF1DXaImRpG7HXqp
37i9dQZF1DXebxttQCq0zA,Relaxing Massage,"Soothing drones, ambient piano and new age music.",208,spotify:playlist:37i9dQZF1DXebxttQCq0zA
37i9dQZF1DX9uKNf5jGX6m,Yoga & Meditation,New age music for balancing mind and body.,278,spotify:playlist:37i9dQZF1DX9uKNf5jGX6m
37i9dQZF1DX1tuUiirhaT3,Meditate to the Sounds of Nature,Calm ambient music with gentle nature sounds.,216,spotify:playlist:37i9dQZF1DX1tuUiirhaT3
37i9dQZF1DXcj8Mdu8qUVH,Flute Meditation,Tranquil flute music from around the world.,128,spotify:playlist:37i9dQZF1DXcj8Mdu8qUVH
37i9dQZF1DWURfu7Lk3xJ1,lofi meditation,Focus the mind with these calming beats.,192,spotify:playlist:37i9dQZF1DWURfu7Lk3xJ1
37i9dQZF1DX3JNwc30ddaO,Tibetan Bowls,Meditative tones for clarity and healing.,86,spotify:playlist:37i9dQZF1DX3JNwc30ddaO
37i9dQZF1DXaPleDxjpDoo,Forest Bathing,"Bathe in Ambient and nature sounds and reconnect to nature, with the Japanese practice of shinrin yoku.",102,spotify:playlist:37i9dQZF1DXaPleDxjpDoo
37i9dQZF1DX1KVBf2zZZ2X,Soft Nature Music,"Relaxing music with soft nature sounds for meditation, sleep or to just enjoy. ",100,spotify:playlist:37i9dQZF1DX1KVBf2zZZ2X
37i9dQZF1DX63RoW298D1b,Relaxing Bath,Soothing piano for the ultimate wind down.,128,spotify:playlist:37i9dQZF1DX63RoW298D1b
37i9dQZF1DX4t95PAs1EpY,lofi garden,beats + birds = <3‚Ä®,251,spotify:playlist:37i9dQZF1DX4t95PAs1EpY
37i9dQZF1DX1T2fEo0ROQ2,Peaceful Retreat,Relaxing and salutary ambient music.,258,spotify:playlist:37i9dQZF1DX1T2fEo0ROQ2
37i9dQZF1DWUAOn5dYbrDa,Mahashivratri,Stay blessed with these divine tunes in reverence to Lord Shiva.,75,spotify:playlist:37i9dQZF1DWUAOn5dYbrDa
37i9dQZF1DWTT2uaNCuEwQ,Hare Krishna,"Blissful aartis, bhajans & songs to sing praises to Lord Krishna.",50,spotify:playlist:37i9dQZF1DWTT2uaNCuEwQ
37i9dQZF1DX6o0zIiTnhmq,Magical Mantras,Mantras for meditation,50,spotify:playlist:37i9dQZF1DX6o0zIiTnhmq
37i9dQZF1DWV6eas0o9JXU,Aartis & Bhajans,Express gratitude and love with these prayers.,80,spotify:playlist:37i9dQZF1DWV6eas0o9JXU
37i9dQZF1DWWewwIBnx9QZ,Ganpati Bappa Moreya,Sweet sounds of devotion to praise Lord Ganesha. ,75,spotify:playlist:37i9dQZF1DWWewwIBnx9QZ
37i9dQZF1DX2LmjTY2eac5,Divine Vibes,New Age Devotional Tracks!,75,spotify:playlist:37i9dQZF1DX2LmjTY2eac5
37i9dQZF1DWXw5zio80eKE,Mata Ka Darbaar,Worship the Goddess of love and devotion with these blessed tunes.,75,spotify:playlist:37i9dQZF1DWXw5zio80eKE
37i9dQZF1DXdE1pRJvqV46,Spiritual Gurbani,"Find your truth, divine Gurbani by famous ragi ji's.",43,spotify:playlist:37i9dQZF1DXdE1pRJvqV46
37i9dQZF1DX1ZY1DoggQaf,Satnam Sri Waheguru Ji,"Baani hai guru, sarvan karo shabad gurbani.",51,spotify:playlist:37i9dQZF1DX1ZY1DoggQaf
37i9dQZF1DWW7cvWerSDSE,Gurpurab Sir Guru Nanak Dev Ji,Dhan Dhan Baba Shree Guru Nanak Dev ji de prakash purab diyan lakh lakh vadhaiyan,50,spotify:playlist:37i9dQZF1DWW7cvWerSDSE
37i9dQZF1DXbXt1ne2kKHF,Gurpurab Sri Guru Gobind Singh Ji,Dashmesh Pita de prakash parv diyan lakh lakh vadhaiyan,39,spotify:playlist:37i9dQZF1DXbXt1ne2kKHF
37i9dQZF1DWSUgfe6Uscrg,Arulvaai Amma,Time to get the blessings from Amma.,76,spotify:playlist:37i9dQZF1DWSUgfe6Uscrg
37i9dQZF1DWXf6ZGWAdbTv,Bakthi Paravasam,Best Bakthi songs from Tamil Movies,75,spotify:playlist:37i9dQZF1DWXf6ZGWAdbTv
37i9dQZF1DX320o1OKSfrB,Va Velava,Kandhanukku Arogara!!,75,spotify:playlist:37i9dQZF1DX320o1OKSfrB
37i9dQZF1DX99uWIVpEfEo,Sivamayam,Om Nama Sivaaya!,75,spotify:playlist:37i9dQZF1DX99uWIVpEfEo
37i9dQZF1DX4pymDDnhgh5,Thirumalai Vasa,Venkata Ramana Govinda Govinda!,75,spotify:playlist:37i9dQZF1DX4pymDDnhgh5
37i9dQZF1DX6EUcyVKIE73,Hindustani Classical,Selections of North Indian classical music.,63,spotify:playlist:37i9dQZF1DX6EUcyVKIE73
37i9dQZF1DX6QsiGlwQqfw,Hindustani Instrumental,Instrumentals from the North Indian school of music.,50,spotify:playlist:37i9dQZF1DX6QsiGlwQqfw
37i9dQZF1DX3LrQBSMX6aK,Indian Classical,Classical compositions from Ravi Shankar and more.,50,spotify:playlist:37i9dQZF1DX3LrQBSMX6aK
37i9dQZF1DWYfvJNWU1bKi,Tamil Romance,"The best in romantic tunes from Tamil cinema.
Cover : Leo",93,spotify:playlist:37i9dQZF1DWYfvJNWU1bKi
37i9dQZF1DX3NU3NvyoJUz,80's Love Hits,"The sound of love, as heard in the 80s. ",100,spotify:playlist:37i9dQZF1DX3NU3NvyoJUz
37i9dQZF1DX3w2Hr9f5Urj,Purely Kaadhal,"All the mushy feels from top romantic hits.
Cover : Chithha",50,spotify:playlist:37i9dQZF1DX3w2Hr9f5Urj
37i9dQZF1DWY7EoqMbT7wZ,90s Romance Tamil,"Best Romantic songs from 90s
Cover : Jeans",75,spotify:playlist:37i9dQZF1DWY7EoqMbT7wZ
37i9dQZF1DX3lmpQSniUBH,Romantic Malayalam,"Say ""I LOVE YOU"" with the best romantic tracks!
Cover: Hridayam",75,spotify:playlist:37i9dQZF1DX3lmpQSniUBH
37i9dQZF1DX1UGmKmt2DtZ,00s Romance Tamil,Love at its best from 00s,100,spotify:playlist:37i9dQZF1DX1UGmKmt2DtZ
37i9dQZF1DX57WIZsVQSIn,70's Love Hits,"Carefree to committed, the love of 70s. Cover - Bobby",100,spotify:playlist:37i9dQZF1DX57WIZsVQSIn
37i9dQZF1DX5Ejj0EkURtP,All Out 2010s,The biggest songs of the 2010s. ,150,spotify:playlist:37i9dQZF1DX5Ejj0EkURtP
37i9dQZF1DX4UtSsGT1Sbe,All Out 80s,The biggest songs of the 1980s. Cover: Michael Jackson.,150,spotify:playlist:37i9dQZF1DX4UtSsGT1Sbe
37i9dQZF1DX4o1oenSJRJd,All Out 2000s,The biggest songs of the 2000s. Cover: Lady Gaga.,150,spotify:playlist:37i9dQZF1DX4o1oenSJRJd
37i9dQZF1DX1uHCeFHcn8X,Soft 10s,Mellow songs from the 2010s. ,250,spotify:playlist:37i9dQZF1DX1uHCeFHcn8X
37i9dQZF1DWWylYLMvjuRG,Party Hits 2010s,The biggest party hits of the 2010s. Cover: Flo Rida,150,spotify:playlist:37i9dQZF1DWWylYLMvjuRG
37i9dQZF1DX7e8TjkFNKWH,Party Hits 2000s,The biggest party hits of the 2000s. Cover: Shakira. ,150,spotify:playlist:37i9dQZF1DX7e8TjkFNKWH
37i9dQZF1DWTJ7xPn4vNaz,All Out 70s,"The biggest songs of the 1970s. 
",150,spotify:playlist:37i9dQZF1DWTJ7xPn4vNaz
37i9dQZF1DXbTxeAdrVG2l,All Out 90s,The biggest songs of the 1990s. Cover: Sheryl Crow.,150,spotify:playlist:37i9dQZF1DXbTxeAdrVG2l
37i9dQZF1DX9tPFwDMOaN1,K-Pop ON! (Ïò®),Turn on the movement with the latest and greatest in K-Pop! Cover: THE BOYZ,51,spotify:playlist:37i9dQZF1DX9tPFwDMOaN1
37i9dQZF1DX4FcAKI5Nhzq,K-Pop Rising,Future K-Pop hits! Cover: BANG YEDAM,50,spotify:playlist:37i9dQZF1DX4FcAKI5Nhzq
37i9dQZF1DXe5W6diBL5N4,New Music K-Pop (Íµ≠ÎÇ¥ ÏµúÏã† Í∞ÄÏöî),Enjoy the freshest K-Pop new releases (Cover: RYEOWOOK(Î†§Ïö±)) (Íµ≠ÎÇ¥ ÏµúÏã†Í≥°ÏùÑ ÌîåÎ†àÏù¥Î¶¨Ïä§Ìä∏Î°ú ÎßåÎÇòÎ≥¥ÏÑ∏Ïöî!),294,spotify:playlist:37i9dQZF1DXe5W6diBL5N4
37i9dQZF1DX14fiWYoe7Oh,K-Pop Generations,The K-Pop idols who started it all from 90's - 10's. (90ÎÖÑÎåÄÎ∂ÄÌÑ∞ 2010ÎÖÑÎåÄÍπåÏßÄ ÏºÄÏù¥Ìåù ÏïÑÏù¥Îèå ÌïÑÏàòÍ≥°Îì§ÏùÑ Ï¶êÍ≤®Î≥¥ÏÑ∏Ïöî!),137,spotify:playlist:37i9dQZF1DX14fiWYoe7Oh
37i9dQZF1DX4IDaXtVjL83,K-Pop X-Overs,"Watch out for all the collaborations and cross-overs in the K-Pop world! (Cover: The Kid LAROI, Jung Kook, Central Cee)",91,spotify:playlist:37i9dQZF1DX4IDaXtVjL83
37i9dQZF1DWW46Vfs1oltB,KrOWN,The fresh & hottest K-Hip hop tracks. (Cover: punchnello),105,spotify:playlist:37i9dQZF1DWW46Vfs1oltB
37i9dQZF1DXbirtHQBuwCo,TrenChill K-R&B,Enjoy trendy & chill Korean R&B music. (Cover: DEAN),70,spotify:playlist:37i9dQZF1DXbirtHQBuwCo
37i9dQZF1DX4RDXswvP6Mj,K-Club Party,Let's party & clubbing with your favorite K-pop dance hits!! (Cover: Jung Kook) [ÏßÄÍ∏à Í∞ÄÏû• Ìï´Ìïú ÎåÑÏä§Í≥°Îì§ÏùÑ ÎßåÎÇòÎ≥¥ÏÑ∏Ïöî.],50,spotify:playlist:37i9dQZF1DX4RDXswvP6Mj
37i9dQZF1DX0018ciYu6bM,KimBops!,Rolling with the 'bops' in your Kimbap. Bringing you the songs that are currently trending and everything else in between. Cover: DEAN,90,spotify:playlist:37i9dQZF1DX0018ciYu6bM
37i9dQZF1DXdR77H5Z8MIM,Nolja!,Time to press play on these jaem jams from 2010 onwards! Cover: MONSTA X,70,spotify:playlist:37i9dQZF1DXdR77H5Z8MIM
37i9dQZF1DX5LEXW9eXA0n,"Î∞úÎùºÎìú, Î†§Ïöî (K-Pop Ballad Hits)",New & hot K-Pop ballads. (Cover:DAVICHI(Îã§ÎπÑÏπò)) (Í∞ÄÏû• Ìï´Ìïú ÏµúÏã† Íµ≠ÎÇ¥ Î∞úÎùºÎìúÎ•º ÎßåÎÇòÎ≥¥ÏÑ∏Ïöî!),105,spotify:playlist:37i9dQZF1DX5LEXW9eXA0n
37i9dQZF1DX0zlOicpTDXQ,Netflix Holidays Official Playlist,Listen to the official Netflix playlist featuring music from our holiday features and festive favorites from Netflix talent. Cover: Brandy in Best. Christmas. Ever. ,26,spotify:playlist:37i9dQZF1DX0zlOicpTDXQ
37i9dQZF1DX7pKSVhIpJRE,The Crown Official Playlist,"Change will challenge tradition. Listen to the music from and inspired by The Crown, streaming only on Netflix. ",139,spotify:playlist:37i9dQZF1DX7pKSVhIpJRE
37i9dQZF1DXchirPPLF8A7,Scott Pilgrim Takes Off Official Playlist,"Listen to the music from and inspired by Scott Pilgrim Takes Off, now streaming on Netflix. ",75,spotify:playlist:37i9dQZF1DXchirPPLF8A7
37i9dQZF1DX3YPBv1bwOB5,Rustin Official Playlist,"Own your power. Listen to the music from and inspired by Rustin, now streaming on Netflix. ",45,spotify:playlist:37i9dQZF1DX3YPBv1bwOB5
37i9dQZF1DWTyczwg2TmSH,Strong Black Lead Official Playlist,"Music inspired by Eric Effiong from Sex Education, now streaming on Netflix. ",29,spotify:playlist:37i9dQZF1DWTyczwg2TmSH
37i9dQZF1DWX9UWDWb55Kk,√âlite - The Soundtrack,La m√∫sica de la s√©ptima temporada de √âLI7E vive aqu√≠ ‚ú®,408,spotify:playlist:37i9dQZF1DWX9UWDWb55Kk
37i9dQZF1DWZS3UUOdld0Q,Neon Official Playlist,"Their time will come. Eventually. Probably. Listen to the music from and inspired by Neon, now streaming on Netflix. ",66,spotify:playlist:37i9dQZF1DWZS3UUOdld0Q
37i9dQZF1DXc88qbKkzeR0,Netflix's most PLAYED,Curated by Chrishell Stause and G Flip. Watch the new season of Selling Sunset on Netflix.,50,spotify:playlist:37i9dQZF1DXc88qbKkzeR0
37i9dQZF1DX3qlqnyl4p68,Netflix & Chills,Spooky sounds from your favorite horror features on Netflix. Cover: Wednesday ,42,spotify:playlist:37i9dQZF1DX3qlqnyl4p68
37i9dQZF1DWSjcafaN2Bom,Sex Education Official Playlist,"Finish together. Listen to the official playlist for Sex Education, now streaming on Netflix. ",331,spotify:playlist:37i9dQZF1DWSjcafaN2Bom
37i9dQZF1DX6OLd5MrIVlk,ONE PIECE Official Playlist,"Come on board and bring along all your hopes and dreams. Listen to the music from and inspired by ONE PIECE, now streaming on Netflix. ",89,spotify:playlist:37i9dQZF1DX6OLd5MrIVlk
37i9dQZF1DX3vKaUkaHiqZ,LUPIN Official Playlist,"Listen to the official playlist for LUPIN, now streaming on Netflix.",62,spotify:playlist:37i9dQZF1DX3vKaUkaHiqZ
37i9dQZF1DWTuEPedcYvVB,Top Boy Official Playlist,The official playlist for Top Boy. Watch the final season on Netflix,77,spotify:playlist:37i9dQZF1DWTuEPedcYvVB
37i9dQZF1DWZWf7hUnPGOw,Virgin River Official Playlist,"Sometimes all you need is a fresh start. Listen to the music from, and inspired by, Virgin River, now stream on Netflix. ",217,spotify:playlist:37i9dQZF1DWZWf7hUnPGOw
37i9dQZF1DWZeis6l3TaSE,Everything Now Official Playlist,"Seize the day...Maybe? Listen to the music from and inspired by Everything Now, now streaming on Netflix. ",83,spotify:playlist:37i9dQZF1DWZeis6l3TaSE
37i9dQZF1DXbR9Y09ZMqEo,You Are So Not Invited to My Bat Mitzvah Official Playlist,"Listen to music from and inspired by You Are So Not Invited To My Bat Mitzvah, now streaming on Netflix. ",53,spotify:playlist:37i9dQZF1DXbR9Y09ZMqEo
37i9dQZF1DWYAFgmYBmOiv,POV Official Playlist,pov: you met a great guy but you have to fight your seven evil exes to be with him.,50,spotify:playlist:37i9dQZF1DWYAFgmYBmOiv
37i9dQZF1DX5KARSfd7WcM,Heartstopper: Official Playlist,"Show the world what love is made of. Listen to the music from Heartstopper, new season now streaming on Netflix. ",87,spotify:playlist:37i9dQZF1DX5KARSfd7WcM
